From Date,To Date,PM10,Temp
10-4-2018 ,11-4-2018 ,132.1,None
11-4-2018 ,12-4-2018 ,102.91,None
12-4-2018 ,13-04-2018,87.09,None
13-04-2018,14-04-2018,61.61,None
14-04-2018,15-04-2018,90.6,None
15-04-2018,16-04-2018,117.24,None
16-04-2018,17-04-2018,137.8,None
17-04-2018,18-04-2018,82.98,None
18-04-2018,19-04-2018,86.76,None
19-04-2018,20-04-2018,139.14,None
20-04-2018,21-04-2018,215.74,None
21-04-2018,22-04-2018,84.01,None
22-04-2018,23-04-2018,76.28,None
23-04-2018,24-04-2018,119.45,None
24-04-2018,25-04-2018,117.8,None
25-04-2018,26-04-2018,163.91,None
26-04-2018,27-04-2018,190.43,None
27-04-2018,28-04-2018,214.94,None
28-04-2018,29-04-2018,186,None
29-04-2018,30-04-2018,157.51,None
30-04-2018,1-5-2018 ,193.91,None
1-5-2018 ,2-5-2018 ,180.61,None
2-5-2018 ,3-5-2018 ,191.51,None
3-5-2018 ,4-5-2018 ,139.34,None
4-5-2018 ,5-5-2018 ,134.44,None
5-5-2018 ,6-5-2018 ,163.91,None
6-5-2018 ,7-5-2018 ,125.75,None
7-5-2018 ,8-5-2018 ,97.66,None
8-5-2018 ,9-5-2018 ,84.11,None
9-5-2018 ,10-5-2018 ,89.71,None
10-5-2018 ,11-5-2018 ,166.61,None
11-5-2018 ,12-5-2018 ,184.72,None
12-5-2018 ,13-05-2018,219.6,None
13-05-2018,14-05-2018,115.14,None
14-05-2018,15-05-2018,84.5,None
15-05-2018,16-05-2018,123.44,None
16-05-2018,17-05-2018,162.03,33.24
17-05-2018,18-05-2018,206.64,31.48
18-05-2018,19-05-2018,198.41,32.03
19-05-2018,20-05-2018,186.42,31.16
20-05-2018,21-05-2018,135.2,32.32
21-05-2018,22-05-2018,135.28,32.72
22-05-2018,23-05-2018,154.62,34.78
23-05-2018,24-05-2018,151.81,34.18
24-05-2018,25-05-2018,132.37,33.86
25-05-2018,26-05-2018,142.76,34.21
26-05-2018,27-05-2018,170.02,35.85
27-05-2018,28-05-2018,230.77,36.33
28-05-2018,29-05-2018,201.56,35.89
29-05-2018,30-05-2018,226.31,36.27
30-05-2018,31-05-2018,231.42,35.07
31-05-2018,1-6-2018 ,205.21,35.3
1-6-2018 ,2-6-2018 ,255.31,33.32
2-6-2018 ,3-6-2018 ,122.91,31.35
3-6-2018 ,4-6-2018 ,131.66,34.06
4-6-2018 ,5-6-2018 ,159.06,35.45
5-6-2018 ,6-6-2018 ,149.78,35.12
6-6-2018 ,7-6-2018 ,81.65,30.54
7-6-2018 ,8-6-2018 ,122.62,34.62
8-6-2018 ,9-6-2018 ,163.18,35.71
9-6-2018 ,10-6-2018 ,94.87,29.12
10-6-2018 ,11-6-2018 ,105.01,32.3
11-6-2018 ,12-6-2018 ,135.97,34.19
12-6-2018 ,13-06-2018,163.83,36.13
13-06-2018,14-06-2018,400.07,36.77
14-06-2018,15-06-2018,757.09,35.98
15-06-2018,16-06-2018,790.59,34.42
16-06-2018,17-06-2018,346.33,27.14
17-06-2018,18-06-2018,107.96,25.38
18-06-2018,19-06-2018,156.34,28.24
19-06-2018,20-06-2018,158.16,30.81
20-06-2018,21-06-2018,144.43,33.29
21-06-2018,22-06-2018,121.93,33.26
22-06-2018,23-06-2018,101.08,35.88
23-06-2018,24-06-2018,110.92,31.32
24-06-2018,25-06-2018,90.35,33.76
25-06-2018,26-06-2018,129.07,34.96
26-06-2018,27-06-2018,130.88,34.03
27-06-2018,28-06-2018,88.65,27.57
28-06-2018,29-06-2018,39.61,25.34
29-06-2018,30-06-2018,76.61,29.25
30-06-2018,1-7-2018 ,91.28,31.69
1-7-2018 ,2-7-2018 ,95.73,31.71
2-7-2018 ,3-7-2018 ,76.4,30.21
3-7-2018 ,4-7-2018 ,66.62,26.77
4-7-2018 ,5-7-2018 ,55.74,26.84
5-7-2018 ,6-7-2018 ,66.78,28.17
6-7-2018 ,7-7-2018 ,69.68,30.28
7-7-2018 ,8-7-2018 ,78.6,32.31
8-7-2018 ,9-7-2018 ,89.58,33.42
9-7-2018 ,10-7-2018 ,121.53,34.48
10-7-2018 ,11-7-2018 ,94.9,33.31
11-7-2018 ,12-7-2018 ,75.52,31.49
12-7-2018 ,13-07-2018,58.03,31.54
13-07-2018,14-07-2018,24.88,28.49
14-07-2018,15-07-2018,47.38,30.58
15-07-2018,16-07-2018,43.45,31.63
16-07-2018,17-07-2018,65.29,29.77
17-07-2018,18-07-2018,70.67,28.71
18-07-2018,19-07-2018,84.38,28.43
19-07-2018,20-07-2018,94.52,30.42
20-07-2018,21-07-2018,71.99,31.32
21-07-2018,22-07-2018,61.79,30.37
22-07-2018,23-07-2018,36.74,29.33
23-07-2018,24-07-2018,77.7,30.34
24-07-2018,25-07-2018,87.17,30.88
25-07-2018,26-07-2018,84.12,30.81
26-07-2018,27-07-2018,62.1,28.37
27-07-2018,28-07-2018,50.48,28.74
28-07-2018,29-07-2018,51.34,28.46
29-07-2018,30-07-2018,58.94,29.97
30-07-2018,31-07-2018,43.34,30.61
31-07-2018,1-8-2018 ,54.74,30.76
1-8-2018 ,2-8-2018 ,73.21,31.16
2-8-2018 ,3-8-2018 ,95.68,31.76
3-8-2018 ,4-8-2018 ,82.76,31.42
4-8-2018 ,5-8-2018 ,95.49,31.81
5-8-2018 ,6-8-2018 ,59.15,31.67
6-8-2018 ,7-8-2018 ,21.96,27.38
7-8-2018 ,8-8-2018 ,17.81,25.36
8-8-2018 ,9-8-2018 ,45.26,28.07
9-8-2018 ,10-8-2018 ,39.61,29.26
10-8-2018 ,11-8-2018 ,54.76,30.6
11-8-2018 ,12-8-2018 ,39.57,30.01
12-8-2018 ,13-08-2018,62.82,30.47
13-08-2018,14-08-2018,44.21,29.52
14-08-2018,15-08-2018,46.77,29.91
15-08-2018,16-08-2018,40.65,29.66
16-08-2018,17-08-2018,63.59,30.92
17-08-2018,18-08-2018,58.33,29.61
18-08-2018,19-08-2018,53.33,28.99
19-08-2018,20-08-2018,29.72,29.99
20-08-2018,21-08-2018,45.07,30.95
21-08-2018,22-08-2018,40.4,30.92
22-08-2018,23-08-2018,48.01,29.62
23-08-2018,24-08-2018,35.82,29.38
24-08-2018,25-08-2018,43.55,30.62
25-08-2018,26-08-2018,37.61,30.65
26-08-2018,27-08-2018,36.14,30.98
27-08-2018,28-08-2018,45.57,31.18
28-08-2018,29-08-2018,57.79,31.15
29-08-2018,30-08-2018,38.15,30.28
30-08-2018,31-08-2018,44.1,30.92
31-08-2018,1-9-2018 ,59.91,31.7
1-9-2018 ,2-9-2018 ,57.03,30.89
2-9-2018 ,3-9-2018 ,45.85,28.24
3-9-2018 ,4-9-2018 ,47.34,27.7
4-9-2018 ,5-9-2018 ,39.03,29.18
5-9-2018 ,6-9-2018 ,52.12,30.35
6-9-2018 ,7-9-2018 ,51.91,31.13
7-9-2018 ,8-9-2018 ,36.92,27.73
8-9-2018 ,9-9-2018 ,18.6,28.69
9-9-2018 ,10-9-2018 ,43.18,29.27
10-9-2018 ,11-9-2018 ,27.21,29.16
11-9-2018 ,12-9-2018 ,24.99,29.79
12-9-2018 ,13-09-2018,39.41,28.57
13-09-2018,14-09-2018,59.4,28.99
14-09-2018,15-09-2018,53.47,28.93
15-09-2018,16-09-2018,37.91,28.84
16-09-2018,17-09-2018,28.41,27.96
17-09-2018,18-09-2018,42.99,27.91
18-09-2018,19-09-2018,67.43,27.97
19-09-2018,20-09-2018,91.48,28.04
20-09-2018,21-09-2018,111.52,29.36
21-09-2018,22-09-2018,101.91,30.45
22-09-2018,23-09-2018,56.08,23.69
23-09-2018,24-09-2018,None,23.64
24-09-2018,25-09-2018,23.27,20.51
25-09-2018,26-09-2018,41.15,24.78
26-09-2018,27-09-2018,55.74,26.79
27-09-2018,28-09-2018,78.74,27.2
28-09-2018,29-09-2018,93.7,27.96
29-09-2018,30-09-2018,21.32,24.24
30-09-2018,1-10-2018 ,22.9,25.79
1-10-2018 ,2-10-2018 ,34.66,26.69
2-10-2018 ,3-10-2018 ,36.1,27
3-10-2018 ,4-10-2018 ,32.95,27.08
4-10-2018 ,5-10-2018 ,41.72,26.59
5-10-2018 ,6-10-2018 ,53.7,26
6-10-2018 ,7-10-2018 ,91.43,24.22
7-10-2018 ,8-10-2018 ,111.52,24.97
8-10-2018 ,9-10-2018 ,135.83,25.39
9-10-2018 ,10-10-2018 ,142.76,26.54
10-10-2018 ,11-10-2018 ,125.68,26.58
11-10-2018 ,12-10-2018 ,78.27,25.29
12-10-2018 ,13-10-2018,78.51,23.78
13-10-2018,14-10-2018,61.74,23.65
14-10-2018,15-10-2018,88.12,23.32
15-10-2018,16-10-2018,86.32,23.66
16-10-2018,17-10-2018,112.01,24.76
17-10-2018,18-10-2018,113.13,25.39
18-10-2018,19-10-2018,136.01,24.54
19-10-2018,20-10-2018,80.2,22.87
20-10-2018,21-10-2018,93.24,22.91
21-10-2018,22-10-2018,77.54,22.16
22-10-2018,23-10-2018,116.17,22.4
23-10-2018,24-10-2018,99.02,23.35
24-10-2018,25-10-2018,98.78,22.78
25-10-2018,26-10-2018,87.29,21.17
26-10-2018,27-10-2018,105.54,19.09
27-10-2018,28-10-2018,130,24.71
28-10-2018,29-10-2018,120.39,22.05
29-10-2018,30-10-2018,127.9,22.68
30-10-2018,31-10-2018,124.54,22.71
31-10-2018,1-11-2018 ,108.75,22.85
1-11-2018 ,2-11-2018 ,127.39,23.12
2-11-2018 ,3-11-2018 ,87.5,23.77
3-11-2018 ,4-11-2018 ,51.61,21.18
4-11-2018 ,5-11-2018 ,103.76,18.78
5-11-2018 ,6-11-2018 ,73.3,20.02
6-11-2018 ,7-11-2018 ,95.07,18.62
7-11-2018 ,8-11-2018 ,141.3,18.07
8-11-2018 ,9-11-2018 ,287.06,16.32
9-11-2018 ,10-11-2018 ,211.87,None
10-11-2018 ,11-11-2018 ,154.5,None
11-11-2018 ,12-11-2018 ,128.57,None
12-11-2018 ,13-11-2018,129,19.3
13-11-2018,14-11-2018,128.59,17.34
14-11-2018,15-11-2018,109.86,19.84
15-11-2018,16-11-2018,40.42,18.3
16-11-2018,17-11-2018,51.44,16.31
17-11-2018,18-11-2018,102.75,20.52
18-11-2018,19-11-2018,141.94,18.78
19-11-2018,20-11-2018,131.69,20.8
20-11-2018,21-11-2018,104.2,19.33
21-11-2018,22-11-2018,95.71,18.17
22-11-2018,23-11-2018,141.2,17.85
23-11-2018,24-11-2018,103.93,17.5
24-11-2018,25-11-2018,83.39,17.21
25-11-2018,26-11-2018,162.12,15.16
26-11-2018,27-11-2018,157.06,17.79
27-11-2018,28-11-2018,179.31,18.56
28-11-2018,29-11-2018,157,19.23
29-11-2018,30-11-2018,115.22,16.84
30-11-2018,1-12-2018 ,104.13,16.69
1-12-2018 ,2-12-2018 ,105.64,16.39
2-12-2018 ,3-12-2018 ,150.19,16.58
3-12-2018 ,4-12-2018 ,102.92,15.57
4-12-2018 ,5-12-2018 ,120.3,15.69
5-12-2018 ,6-12-2018 ,116.02,15.27
6-12-2018 ,7-12-2018 ,140.56,14.97
7-12-2018 ,8-12-2018 ,127.01,14.52
8-12-2018 ,9-12-2018 ,109.57,14.11
9-12-2018 ,10-12-2018 ,116.54,14.04
10-12-2018 ,11-12-2018 ,145.41,15.46
11-12-2018 ,12-12-2018 ,107.99,15.2
12-12-2018 ,13-12-2018,71.81,13.92
13-12-2018,14-12-2018,57.57,12.96
14-12-2018,15-12-2018,45.65,13.33
15-12-2018,16-12-2018,62.48,13.26
16-12-2018,17-12-2018,69.58,12.86
17-12-2018,18-12-2018,91.53,10.64
18-12-2018,19-12-2018,122.37,12.08
19-12-2018,20-12-2018,130.45,12.42
20-12-2018,21-12-2018,146.72,11.92
21-12-2018,22-12-2018,139.85,11.5
22-12-2018,23-12-2018,218.76,11.05
23-12-2018,24-12-2018,262.03,11.17
24-12-2018,25-12-2018,135.52,10.84
25-12-2018,26-12-2018,146.65,10
26-12-2018,27-12-2018,164.62,10.76
27-12-2018,28-12-2018,236.26,10
28-12-2018,29-12-2018,137.33,9.7
29-12-2018,30-12-2018,152.27,9.79
30-12-2018,31-12-2018,204.34,11.38
31-12-2018,1-1-2019 ,192.34,11.14
1-1-2019 ,2-1-2019 ,209.65,11.78
2-1-2019 ,3-1-2019 ,232.39,13.99
3-1-2019 ,4-1-2019 ,153.77,7.68
4-1-2019 ,5-1-2019 ,161.56,13.25
5-1-2019 ,6-1-2019 ,194.67,12.66
6-1-2019 ,7-1-2019 ,69.62,12.14
7-1-2019 ,8-1-2019 ,67.28,11.32
8-1-2019 ,9-1-2019 ,101.63,12.63
9-1-2019 ,10-1-2019 ,112.81,11.67
10-1-2019 ,11-1-2019 ,140.21,11.9
11-1-2019 ,12-1-2019 ,251.44,14.54
12-1-2019 ,13-01-2019,206.31,13.75
13-01-2019,14-01-2019,65.83,13.48
14-01-2019,15-01-2019,71.65,10.87
15-01-2019,16-01-2019,103.71,10.29
16-01-2019,17-01-2019,169.03,11.59
17-01-2019,18-01-2019,128.62,11.08
18-01-2019,19-01-2019,100.71,12.18
19-01-2019,20-01-2019,117.48,13.74
20-01-2019,21-01-2019,196.74,14.99
21-01-2019,22-01-2019,73.73,13.28
22-01-2019,23-01-2019,25.67,12.03
23-01-2019,24-01-2019,41.18,12.24
24-01-2019,25-01-2019,50.68,11.45
25-01-2019,26-01-2019,50.81,11.26
26-01-2019,27-01-2019,63.08,10.23
27-01-2019,28-01-2019,98.75,9.98
28-01-2019,29-01-2019,37.09,10.48
29-01-2019,30-01-2019,81.9,10.94
30-01-2019,31-01-2019,127.45,11.23
31-01-2019,1-2-2019 ,139.89,12.64
1-2-2019 ,2-2-2019 ,126.65,12.62
2-2-2019 ,3-2-2019 ,54.86,12.76
3-2-2019 ,4-2-2019 ,95.43,13.85
4-2-2019 ,5-2-2019 ,87.59,13.95
5-2-2019 ,6-2-2019 ,198.27,16.35
6-2-2019 ,7-2-2019 ,152.34,16.85
7-2-2019 ,8-2-2019 ,32.98,13.33
8-2-2019 ,9-2-2019 ,39.14,11.69
9-2-2019 ,10-2-2019 ,59.28,12.07
10-2-2019 ,11-2-2019 ,254.34,12.72
11-2-2019 ,12-2-2019 ,547.87,14.19
12-2-2019 ,13-02-2019,76.71,15.36
13-02-2019,14-02-2019,96.68,16.29
14-02-2019,15-02-2019,91.43,15.91
15-02-2019,16-02-2019,21.4,15.87
16-02-2019,17-02-2019,42.46,14.41
17-02-2019,18-02-2019,53.13,13.87
18-02-2019,19-02-2019,80.89,13.68
19-02-2019,20-02-2019,68.91,15.99
20-02-2019,21-02-2019,89.61,16.9
21-02-2019,22-02-2019,40.64,18.15
22-02-2019,23-02-2019,46.03,15.54
23-02-2019,24-02-2019,67.92,13.92
24-02-2019,25-02-2019,83.54,14.31
25-02-2019,26-02-2019,152.35,15.3
26-02-2019,27-02-2019,97.74,15.59
27-02-2019,28-02-2019,53.85,13.97
28-02-2019,1-3-2019 ,92.68,13.49
1-3-2019 ,2-3-2019 ,78.14,14.61
2-3-2019 ,3-3-2019 ,95,14.63
3-3-2019 ,4-3-2019 ,45.6,15.72
4-3-2019 ,5-3-2019 ,47.41,15.44
5-3-2019 ,6-3-2019 ,47.86,16.17
6-3-2019 ,7-3-2019 ,122.04,16.82
7-3-2019 ,8-3-2019 ,148.65,17.67
8-3-2019 ,9-3-2019 ,154.72,15.86
9-3-2019 ,10-3-2019 ,133.92,16.82
10-3-2019 ,11-3-2019 ,151.81,17.74
11-3-2019 ,12-3-2019 ,228.85,17.16
12-3-2019 ,13-03-2019,162.76,17.38
13-03-2019,14-03-2019,135.38,17
14-03-2019,15-03-2019,59.7,16.53
15-03-2019,16-03-2019,52.86,17.13
16-03-2019,17-03-2019,64.82,18.3
17-03-2019,18-03-2019,64.6,20.07
18-03-2019,19-03-2019,67.49,20.25
19-03-2019,20-03-2019,77.94,21.82
20-03-2019,21-03-2019,64.59,21.21
21-03-2019,22-03-2019,44.18,21.73
22-03-2019,23-03-2019,51.39,20.31
23-03-2019,24-03-2019,60.03,19.83
24-03-2019,25-03-2019,55.01,19.25
25-03-2019,26-03-2019,83.41,18.03
26-03-2019,27-03-2019,83.65,20.77
27-03-2019,28-03-2019,94.46,20.25
28-03-2019,29-03-2019,73.86,26.56
29-03-2019,30-03-2019,81.34,25.2
30-03-2019,31-03-2019,88.82,26.2
31-03-2019,1-4-2019 ,69.92,24.13
1-4-2019 ,2-4-2019 ,74.02,23.78
2-4-2019 ,3-4-2019 ,100.27,25.34
3-4-2019 ,4-4-2019 ,82.76,25.72
4-4-2019 ,5-4-2019 ,127.51,27.61
5-4-2019 ,6-4-2019 ,109.75,28.33
6-4-2019 ,7-4-2019 ,136.83,29.11
7-4-2019 ,8-4-2019 ,74.09,28.8
8-4-2019 ,9-4-2019 ,150.29,26.93
9-4-2019 ,10-4-2019 ,119.92,27.22
10-4-2019 ,11-4-2019 ,101.61,28.99
11-4-2019 ,12-4-2019 ,65.98,28.72
12-4-2019 ,13-04-2019,72.6,27.4
13-04-2019,14-04-2019,65.78,26.1
14-04-2019,15-04-2019,55.4,27.82
15-04-2019,16-04-2019,84.76,29.52
16-04-2019,17-04-2019,97.99,24.98
17-04-2019,18-04-2019,50.94,19.42
18-04-2019,19-04-2019,33.41,21.91
19-04-2019,20-04-2019,43.4,24.77
20-04-2019,21-04-2019,56.26,26.69
21-04-2019,22-04-2019,66.37,28.09
22-04-2019,23-04-2019,79.01,30.29
23-04-2019,24-04-2019,83.9,31.93
24-04-2019,25-04-2019,128.22,30.67
25-04-2019,26-04-2019,85.51,30.24
26-04-2019,27-04-2019,72.18,31.88
27-04-2019,28-04-2019,82.92,30.59
28-04-2019,29-04-2019,97.72,31.24
29-04-2019,30-04-2019,88.93,31.12
30-04-2019,1-5-2019 ,83.67,32.95
1-5-2019 ,2-5-2019 ,71.28,33.06
2-5-2019 ,3-5-2019 ,74.83,27.03
3-5-2019 ,4-5-2019 ,56.81,29.38
4-5-2019 ,5-5-2019 ,65.42,29.48
5-5-2019 ,6-5-2019 ,76.83,30.31
6-5-2019 ,7-5-2019 ,78.21,31.33
7-5-2019 ,8-5-2019 ,80.32,32
8-5-2019 ,9-5-2019 ,83.63,32.67
9-5-2019 ,10-5-2019 ,117.46,32.77
10-5-2019 ,11-5-2019 ,147.51,32.15
11-5-2019 ,12-5-2019 ,84.37,30.43
12-5-2019 ,13-05-2019,96.98,30.77
13-05-2019,14-05-2019,174.45,29.88
14-05-2019,15-05-2019,55.59,28.87
15-05-2019,16-05-2019,94.94,28.65
16-05-2019,17-05-2019,72.24,28.39
17-05-2019,18-05-2019,65.51,23.9
18-05-2019,19-05-2019,46.8,26.49
19-05-2019,20-05-2019,63.83,30.36
20-05-2019,21-05-2019,101.18,31.39
21-05-2019,22-05-2019,91.06,32.67
22-05-2019,23-05-2019,122.39,33.45
23-05-2019,24-05-2019,101.15,30.24
24-05-2019,25-05-2019,69.54,27.94
25-05-2019,26-05-2019,65.51,28.55
26-05-2019,27-05-2019,75.74,30.89
27-05-2019,28-05-2019,77.32,32.31
28-05-2019,29-05-2019,80.83,33.18
29-05-2019,30-05-2019,90.11,35.24
30-05-2019,31-05-2019,97.59,35.84
31-05-2019,1-6-2019 ,98.46,36.8
1-6-2019 ,2-6-2019 ,146.46,35.28
2-6-2019 ,3-6-2019 ,126.85,35.76
3-6-2019 ,4-6-2019 ,135.54,35.3
4-6-2019 ,5-6-2019 ,97.49,34.57
5-6-2019 ,6-6-2019 ,108.95,36.84
6-6-2019 ,7-6-2019 ,83.02,35.61
7-6-2019 ,8-6-2019 ,70.32,33.94
8-6-2019 ,9-6-2019 ,72.46,35.55
9-6-2019 ,10-6-2019 ,69.56,36
10-6-2019 ,11-6-2019 ,82.31,37.37
11-6-2019 ,12-6-2019 ,107.95,37.86
12-6-2019 ,13-06-2019,115.79,35.45
13-06-2019,14-06-2019,131.74,35.07
14-06-2019,15-06-2019,98.98,34.52
15-06-2019,16-06-2019,137.93,33.98
16-06-2019,17-06-2019,59.28,31.06
17-06-2019,18-06-2019,112.21,31.9
18-06-2019,19-06-2019,70.16,27.68
19-06-2019,20-06-2019,123.07,31.68
20-06-2019,21-06-2019,111.53,29.02
21-06-2019,22-06-2019,69.61,29.81
22-06-2019,23-06-2019,83.15,33.22
23-06-2019,24-06-2019,96.27,33.59
24-06-2019,25-06-2019,63.95,30.51
25-06-2019,26-06-2019,55.5,31.9
26-06-2019,27-06-2019,80.27,33.92
27-06-2019,28-06-2019,132.74,33.06
28-06-2019,29-06-2019,82.51,34.73
29-06-2019,30-06-2019,137.89,35.46
30-06-2019,1-7-2019 ,104.73,34.57
1-7-2019 ,2-7-2019 ,110.55,34.72
2-7-2019 ,3-7-2019 ,108.3,33.94
3-7-2019 ,4-7-2019 ,140.92,34.93
4-7-2019 ,5-7-2019 ,73.49,32.84
5-7-2019 ,6-7-2019 ,53.5,32.76
6-7-2019 ,7-7-2019 ,89.09,31.68
7-7-2019 ,8-7-2019 ,69.2,33.51
8-7-2019 ,9-7-2019 ,103.3,32.42
9-7-2019 ,10-7-2019 ,74.07,30.82
10-7-2019 ,11-7-2019 ,105.01,30.09
11-7-2019 ,12-7-2019 ,163.55,29.74
12-7-2019 ,13-07-2019,161.8,28.85
13-07-2019,14-07-2019,141.86,28.46
14-07-2019,15-07-2019,64.89,25.56
15-07-2019,16-07-2019,93.2,26.75
16-07-2019,17-07-2019,58.71,25.97
17-07-2019,18-07-2019,62.4,28.2
18-07-2019,19-07-2019,80.72,29.85
19-07-2019,20-07-2019,65.97,28.76
20-07-2019,21-07-2019,80.51,29.39
21-07-2019,22-07-2019,75.91,31.09
22-07-2019,23-07-2019,71.42,32
23-07-2019,24-07-2019,122.53,32.44
24-07-2019,25-07-2019,104.25,32.79
25-07-2019,26-07-2019,56.32,28.15
26-07-2019,27-07-2019,63.07,28.55
27-07-2019,28-07-2019,59.37,27.69
28-07-2019,29-07-2019,53.93,30.08
29-07-2019,30-07-2019,66.35,32
30-07-2019,31-07-2019,75.89,30.12
31-07-2019,1-8-2019 ,58.38,28.31
1-8-2019 ,2-8-2019 ,110.73,28.11
2-8-2019 ,3-8-2019 ,105.33,27.26
3-8-2019 ,4-8-2019 ,91.18,29.76
4-8-2019 ,5-8-2019 ,146.66,30.17
5-8-2019 ,6-8-2019 ,129.74,30.93
6-8-2019 ,7-8-2019 ,184.69,30.43
7-8-2019 ,8-8-2019 ,126.81,30.59
8-8-2019 ,9-8-2019 ,83.35,31.63
9-8-2019 ,10-8-2019 ,150.06,28.91
10-8-2019 ,11-8-2019 ,59.84,30.34
11-8-2019 ,12-8-2019 ,65.18,31.52
12-8-2019 ,13-08-2019,78.91,30.59
13-08-2019,14-08-2019,144.1,27.85
14-08-2019,15-08-2019,65.85,30.31
15-08-2019,16-08-2019,99.31,28.98
16-08-2019,17-08-2019,86.3,29.58
17-08-2019,18-08-2019,50.98,26.16
18-08-2019,19-08-2019,26.28,26.02
19-08-2019,20-08-2019,40.98,28.02
20-08-2019,21-08-2019,75.72,29.21
21-08-2019,22-08-2019,123.74,30.59
22-08-2019,23-08-2019,144.63,30.06
23-08-2019,24-08-2019,112.57,30.85
24-08-2019,25-08-2019,105.74,30.38
25-08-2019,26-08-2019,99.54,28.99
26-08-2019,27-08-2019,76.65,29.91
27-08-2019,28-08-2019,118.71,30.88
28-08-2019,29-08-2019,213.82,30.91
29-08-2019,30-08-2019,125.57,31.41
30-08-2019,31-08-2019,126.05,29.72
31-08-2019,1-9-2019 ,102.01,30.88
1-9-2019 ,2-9-2019 ,128.6,26.99
2-9-2019 ,3-9-2019 ,115.61,29.32
3-9-2019 ,4-9-2019 ,182.67,30.45
4-9-2019 ,5-9-2019 ,185.29,30.7
5-9-2019 ,6-9-2019 ,56.73,28.91
6-9-2019 ,7-9-2019 ,67.73,30.65
7-9-2019 ,8-9-2019 ,87.53,31.55
8-9-2019 ,9-9-2019 ,74.2,30.54
9-9-2019 ,10-9-2019 ,70.54,30.75
10-9-2019 ,11-9-2019 ,107.37,31.47
11-9-2019 ,12-9-2019 ,105,31.46
12-9-2019 ,13-09-2019,126.35,31.73
13-09-2019,14-09-2019,69.89,30.24
14-09-2019,15-09-2019,92.18,30.63
15-09-2019,16-09-2019,70.4,29.93
16-09-2019,17-09-2019,65.86,29.23
17-09-2019,18-09-2019,111.17,30.26
18-09-2019,19-09-2019,80.82,29.6
19-09-2019,20-09-2019,77.27,28.33
20-09-2019,21-09-2019,83.05,27.66
21-09-2019,22-09-2019,69.95,28.03
22-09-2019,23-09-2019,89.79,27.82
23-09-2019,24-09-2019,79.45,27.99
24-09-2019,25-09-2019,106.38,27.39
25-09-2019,26-09-2019,100.57,27.77
26-09-2019,27-09-2019,83.06,27.29
27-09-2019,28-09-2019,50.64,27
28-09-2019,29-09-2019,55.35,25.12
29-09-2019,30-09-2019,35.14,23.8
30-09-2019,1-10-2019 ,55,25.03
1-10-2019 ,2-10-2019 ,73.53,26.15
2-10-2019 ,3-10-2019 ,75.21,25.77
3-10-2019 ,4-10-2019 ,68.91,25.9
4-10-2019 ,5-10-2019 ,44.14,22.98
5-10-2019 ,6-10-2019 ,51.44,24.07
6-10-2019 ,7-10-2019 ,72.14,24.51
7-10-2019 ,8-10-2019 ,75.71,24.94
8-10-2019 ,9-10-2019 ,54.35,24.4
9-10-2019 ,10-10-2019 ,78.26,25.06
10-10-2019 ,11-10-2019 ,82.32,24.83
11-10-2019 ,12-10-2019 ,82.59,25.34
12-10-2019 ,13-10-2019,107.89,25.62
13-10-2019,14-10-2019,95.11,25.53
14-10-2019,15-10-2019,115.59,25.94
15-10-2019,16-10-2019,158.86,26.24
16-10-2019,17-10-2019,171.84,26.12
17-10-2019,18-10-2019,174,26.36
18-10-2019,19-10-2019,119.33,23.65
19-10-2019,20-10-2019,71.87,23.86
20-10-2019,21-10-2019,90.59,22.7
21-10-2019,22-10-2019,129.69,21.96
22-10-2019,23-10-2019,160.36,22.82
23-10-2019,24-10-2019,173.71,23.03
24-10-2019,25-10-2019,174.78,23.8
25-10-2019,26-10-2019,170.14,23.73
26-10-2019,27-10-2019,177.51,22.85
27-10-2019,28-10-2019,225.66,22.22
28-10-2019,29-10-2019,347.94,22.49
29-10-2019,30-10-2019,219.81,22.97
30-10-2019,31-10-2019,238.28,23.12
31-10-2019,1-11-2019 ,213.3,22.7
1-11-2019 ,2-11-2019 ,236.69,22.43
2-11-2019 ,3-11-2019 ,264.1,21.14
3-11-2019 ,4-11-2019 ,322.17,21.85
4-11-2019 ,5-11-2019 ,139.92,21.46
5-11-2019 ,6-11-2019 ,183.89,21.38
6-11-2019 ,7-11-2019 ,284.61,22.98
7-11-2019 ,8-11-2019 ,84.95,21.18
8-11-2019 ,9-11-2019 ,54.69,20.53
9-11-2019 ,10-11-2019 ,88.15,19.5
10-11-2019 ,11-11-2019 ,130.82,18.62
11-11-2019 ,12-11-2019 ,209.77,17.3
12-11-2019 ,13-11-2019,230.57,17.84
13-11-2019,14-11-2019,225.29,18.07
14-11-2019,15-11-2019,252.99,19.06
15-11-2019,16-11-2019,187.49,20.62
16-11-2019,17-11-2019,172.93,19.74
17-11-2019,18-11-2019,103.51,18.66
18-11-2019,19-11-2019,133.34,18.3
19-11-2019,20-11-2019,184.06,17.66
20-11-2019,21-11-2019,155.67,17.5
21-11-2019,22-11-2019,166.34,17.28
22-11-2019,23-11-2019,107.9,17.44
23-11-2019,24-11-2019,68.66,19.25
24-11-2019,25-11-2019,75.63,18.22
25-11-2019,26-11-2019,99.38,17.02
26-11-2019,27-11-2019,105.29,17.22
27-11-2019,28-11-2019,74.25,18.9
28-11-2019,29-11-2019,52.81,17.33
29-11-2019,30-11-2019,50.5,15.86
30-11-2019,1-12-2019 ,47.26,16.22
1-12-2019 ,2-12-2019 ,72.82,14.7
2-12-2019 ,3-12-2019 ,91.22,14.16
3-12-2019 ,4-12-2019 ,123.47,13.91
4-12-2019 ,5-12-2019 ,260.93,13.95
5-12-2019 ,6-12-2019 ,265.81,14.59
6-12-2019 ,7-12-2019 ,153.06,14.61
7-12-2019 ,8-12-2019 ,114.7,14.91
8-12-2019 ,9-12-2019 ,106.46,14.48
9-12-2019 ,10-12-2019 ,174.07,13.5
10-12-2019 ,11-12-2019 ,181.11,12.54
11-12-2019 ,12-12-2019 ,286.28,13.79
12-12-2019 ,13-12-2019,134.9,14
13-12-2019,14-12-2019,43.27,12.9
14-12-2019,15-12-2019,82.42,13
15-12-2019,16-12-2019,48.43,11.85
16-12-2019,17-12-2019,63.81,10.73
17-12-2019,18-12-2019,77.81,10.73
18-12-2019,19-12-2019,82.06,10.04
19-12-2019,20-12-2019,145.04,10.09
20-12-2019,21-12-2019,152.16,11.12
21-12-2019,22-12-2019,103.65,10.55
22-12-2019,23-12-2019,69.94,8.64
23-12-2019,24-12-2019,141.45,9.61
24-12-2019,25-12-2019,191.9,9.14
25-12-2019,26-12-2019,82.97,7.33
26-12-2019,27-12-2019,107.32,7.56
27-12-2019,28-12-2019,122.2,6.88
28-12-2019,29-12-2019,103.89,6.8
29-12-2019,30-12-2019,120.31,5.93
30-12-2019,31-12-2019,198.31,6.18
31-12-2019,1-1-2020 ,141.22,6.58
1-1-2020 ,2-1-2020 ,251.26,11.1
2-1-2020 ,3-1-2020 ,133.13,10.85
3-1-2020 ,4-1-2020 ,100.9,13.75
4-1-2020 ,5-1-2020 ,124.94,11.94
5-1-2020 ,6-1-2020 ,84.77,12.08
6-1-2020 ,7-1-2020 ,52.92,10.9
7-1-2020 ,8-1-2020 ,62.34,12.03
8-1-2020 ,9-1-2020 ,37.01,10.89
9-1-2020 ,10-1-2020 ,51.73,8.98
10-1-2020 ,11-1-2020 ,66.25,9.4
11-1-2020 ,12-1-2020 ,82.77,10.86
12-1-2020 ,13-01-2020,135.42,13.04
13-01-2020,14-01-2020,171.94,11.54
14-01-2020,15-01-2020,43.82,12.16
15-01-2020,16-01-2020,65.13,9.27
16-01-2020,17-01-2020,58.32,8.94
17-01-2020,18-01-2020,112.64,11.74
18-01-2020,19-01-2020,117.57,10.97
19-01-2020,20-01-2020,56.39,11.17
20-01-2020,21-01-2020,113.82,12.75
21-01-2020,22-01-2020,74.36,14.25
22-01-2020,23-01-2020,54.75,13.88
23-01-2020,24-01-2020,65.42,11.25
24-01-2020,25-01-2020,77.5,11.09
25-01-2020,26-01-2020,130.72,12.66
26-01-2020,27-01-2020,100.77,12.43
27-01-2020,28-01-2020,116.33,12.2
28-01-2020,29-01-2020,73.21,14.12
29-01-2020,30-01-2020,55.5,13.75
30-01-2020,31-01-2020,40.24,12.05
31-01-2020,1-2-2020 ,57.96,10.5
1-2-2020 ,2-2-2020 ,86.08,10.47
2-2-2020 ,3-2-2020 ,58.74,11.26
3-2-2020 ,4-2-2020 ,84.37,11.6
4-2-2020 ,5-2-2020 ,136.07,12.35
5-2-2020 ,6-2-2020 ,68.82,11.12
6-2-2020 ,7-2-2020 ,77.37,11.59
7-2-2020 ,8-2-2020 ,114.5,11.92
8-2-2020 ,9-2-2020 ,94.22,12.43
9-2-2020 ,10-2-2020 ,87.87,12.85
10-2-2020 ,11-2-2020 ,91.99,13.06
11-2-2020 ,12-2-2020 ,97.89,13.74
12-2-2020 ,13-02-2020,93.37,15.86
13-02-2020,14-02-2020,73.47,16.51
14-02-2020,15-02-2020,94.12,14.44
15-02-2020,16-02-2020,95.87,13.8
16-02-2020,17-02-2020,103.38,16.32
17-02-2020,18-02-2020,97.37,16.16
18-02-2020,19-02-2020,117.24,16.32
19-02-2020,20-02-2020,222.96,17.85
20-02-2020,21-02-2020,118.1,19.77
21-02-2020,22-02-2020,49.79,17.57
22-02-2020,23-02-2020,47.8,17.75
23-02-2020,24-02-2020,69.9,19.95
24-02-2020,25-02-2020,93.29,18.07
25-02-2020,26-02-2020,102.32,18.49
26-02-2020,27-02-2020,141.68,18.89
27-02-2020,28-02-2020,184.16,19.73
28-02-2020,29-02-2020,155.92,19.83
29-02-2020,1-3-2020 ,80.17,17.55
1-3-2020 ,2-3-2020 ,55.23,18.56
2-3-2020 ,3-3-2020 ,55.81,19.18
3-3-2020 ,4-3-2020 ,65.6,18.91
4-3-2020 ,5-3-2020 ,97.1,19.84
5-3-2020 ,6-3-2020 ,84.79,19.46
6-3-2020 ,7-3-2020 ,32.73,14.83
7-3-2020 ,8-3-2020 ,49.2,14.29
8-3-2020 ,9-3-2020 ,92.33,16.94
9-3-2020 ,10-3-2020 ,49.76,16.37
10-3-2020 ,11-3-2020 ,68.94,17.15
11-3-2020 ,12-3-2020 ,95.32,16.46
12-3-2020 ,13-03-2020,53.16,18.73
13-03-2020,14-03-2020,95.03,19.35
14-03-2020,15-03-2020,65.31,14.07
15-03-2020,16-03-2020,65.4,16.3
16-03-2020,17-03-2020,61.88,17.16
17-03-2020,18-03-2020,71.2,19.35
18-03-2020,19-03-2020,85.2,20.46
19-03-2020,20-03-2020,83.91,21.47
20-03-2020,21-03-2020,106.78,21.91
21-03-2020,22-03-2020,112.8,20.65
22-03-2020,23-03-2020,50.29,21.36
23-03-2020,24-03-2020,34.88,22.38
24-03-2020,25-03-2020,33.05,20.83
25-03-2020,26-03-2020,33.75,21.9
26-03-2020,27-03-2020,40.4,21.61
27-03-2020,28-03-2020,47.74,19.01
28-03-2020,29-03-2020,28.84,20.29
29-03-2020,30-03-2020,28.03,21.31
30-03-2020,31-03-2020,32.52,20.88
31-03-2020,1-4-2020 ,40.08,20.35
1-4-2020 ,2-4-2020 ,31.53,21.91
2-4-2020 ,3-4-2020 ,36.99,21.91
3-4-2020 ,4-4-2020 ,24.89,20.87
4-4-2020 ,5-4-2020 ,35.53,22.45
5-4-2020 ,6-4-2020 ,46.05,24.2
6-4-2020 ,7-4-2020 ,36.54,24.44
7-4-2020 ,8-4-2020 ,37.32,21.21
8-4-2020 ,9-4-2020 ,31.91,22.01
9-4-2020 ,10-4-2020 ,37.38,23.88
10-4-2020 ,11-4-2020 ,41.53,26.22
11-4-2020 ,12-4-2020 ,37.86,26.68
12-4-2020 ,13-04-2020,35.24,26.36
13-04-2020,14-04-2020,49.9,28.17
14-04-2020,15-04-2020,64.21,30.71
15-04-2020,16-04-2020,79.65,31.43
16-04-2020,17-04-2020,60.35,29.19
17-04-2020,18-04-2020,48.09,26.44
18-04-2020,19-04-2020,36.66,25.71
19-04-2020,20-04-2020,32.8,27.92
20-04-2020,21-04-2020,31.19,22.79
21-04-2020,22-04-2020,30.28,23.79
22-04-2020,23-04-2020,48.91,26.48
23-04-2020,24-04-2020,52.2,28.05
24-04-2020,25-04-2020,58.38,28.68
25-04-2020,26-04-2020,59.99,26.88
26-04-2020,27-04-2020,49.52,26.65
27-04-2020,28-04-2020,26.14,24.72
28-04-2020,29-04-2020,33.2,27.28
29-04-2020,30-04-2020,56.3,29.22
30-04-2020,1-5-2020 ,86.4,30.76
1-5-2020 ,2-5-2020 ,77.98,31.71
2-5-2020 ,3-5-2020 ,94.75,29.08
3-5-2020 ,4-5-2020 ,40.25,26.29
4-5-2020 ,5-5-2020 ,28.27,26.43
5-5-2020 ,6-5-2020 ,61.05,29.5
6-5-2020 ,7-5-2020 ,70.42,27.73
7-5-2020 ,8-5-2020 ,47.05,28.64
8-5-2020 ,9-5-2020 ,79.97,30.37
9-5-2020 ,10-5-2020 ,97.81,32.81
10-5-2020 ,11-5-2020 ,90.23,28.01
11-5-2020 ,12-5-2020 ,55.55,29.56
12-5-2020 ,13-05-2020,58.49,28.82
13-05-2020,14-05-2020,97.11,28.46
14-05-2020,15-05-2020,102.16,26.19
15-05-2020,16-05-2020,28.31,27.29
16-05-2020,17-05-2020,70.44,30.03
17-05-2020,18-05-2020,80.39,31.2
18-05-2020,19-05-2020,107.75,31.48
19-05-2020,20-05-2020,94.65,30.17
20-05-2020,21-05-2020,90.17,30.3
21-05-2020,22-05-2020,95.78,31.9
22-05-2020,23-05-2020,106.25,34.41
23-05-2020,24-05-2020,141.5,35.25
24-05-2020,25-05-2020,64.76,34.28
25-05-2020,26-05-2020,82.98,34.76
26-05-2020,27-05-2020,91.2,36.26
27-05-2020,28-05-2020,96.51,36.34
28-05-2020,29-05-2020,144.85,31.37
29-05-2020,30-05-2020,50.12,28.77
30-05-2020,31-05-2020,64.35,27.96
31-05-2020,1-6-2020 ,44.71,25.48
1-6-2020 ,2-6-2020 ,55.77,27.87
2-6-2020 ,3-6-2020 ,89.89,28.21
3-6-2020 ,4-6-2020 ,98.56,27.37
4-6-2020 ,5-6-2020 ,72.93,30.23
5-6-2020 ,6-6-2020 ,64.4,29.83
6-6-2020 ,7-6-2020 ,41.42,25.83
7-6-2020 ,8-6-2020 ,39.66,29.16
8-6-2020 ,9-6-2020 ,65.53,32.24
9-6-2020 ,10-6-2020 ,87.84,32.8
10-6-2020 ,11-6-2020 ,91.54,32.09
11-6-2020 ,12-6-2020 ,122.73,34.22
12-6-2020 ,13-06-2020,130.37,33.83
13-06-2020,14-06-2020,86.08,33.13
14-06-2020,15-06-2020,83.3,34.2
15-06-2020,16-06-2020,115.19,34.9
16-06-2020,17-06-2020,99.11,35.26
17-06-2020,18-06-2020,85.47,35.24
18-06-2020,19-06-2020,91.55,33.89
19-06-2020,20-06-2020,109.03,33.31
20-06-2020,21-06-2020,122.96,34.15
21-06-2020,22-06-2020,92.88,32.83
22-06-2020,23-06-2020,57.77,31.88
23-06-2020,24-06-2020,82.9,33.82
24-06-2020,25-06-2020,69.1,31.37
25-06-2020,26-06-2020,58.74,30.43
26-06-2020,27-06-2020,97.68,32.09
27-06-2020,28-06-2020,99.6,33.47
28-06-2020,29-06-2020,136.75,35.34
29-06-2020,30-06-2020,77.11,31.97
30-06-2020,1-7-2020 ,83.26,32.28
1-7-2020 ,2-7-2020 ,173.22,34.35
2-7-2020 ,3-7-2020 ,164.88,35.56
3-7-2020 ,4-7-2020 ,147.42,36.61
4-7-2020 ,5-7-2020 ,145.69,32.8
5-7-2020 ,6-7-2020 ,133.99,29.04
6-7-2020 ,7-7-2020 ,85.33,31.7
7-7-2020 ,8-7-2020 ,70.48,31.28
8-7-2020 ,9-7-2020 ,62.48,26.56
9-7-2020 ,10-7-2020 ,85.09,30.46
10-7-2020 ,11-7-2020 ,206.02,31.85
11-7-2020 ,12-7-2020 ,None,29.39
12-7-2020 ,13-07-2020,None,26.13
13-07-2020,14-07-2020,None,29.25
14-07-2020,15-07-2020,None,31.89
15-07-2020,16-07-2020,None,31.58
16-07-2020,17-07-2020,None,32.57
17-07-2020,18-07-2020,None,32.14
18-07-2020,19-07-2020,None,30.91
19-07-2020,20-07-2020,None,30.63
20-07-2020,21-07-2020,None,27.93
21-07-2020,22-07-2020,None,25.56
22-07-2020,23-07-2020,None,29.44
23-07-2020,24-07-2020,None,29.84
24-07-2020,25-07-2020,None,31.62
25-07-2020,26-07-2020,None,30.53
26-07-2020,27-07-2020,None,31.24
27-07-2020,28-07-2020,None,31.97
28-07-2020,29-07-2020,None,33.02
29-07-2020,30-07-2020,None,31.77
30-07-2020,31-07-2020,None,28.61
31-07-2020,1-8-2020 ,None,30.12
1-8-2020 ,2-8-2020 ,None,29.98
2-8-2020 ,3-8-2020 ,None,30.67
3-8-2020 ,4-8-2020 ,None,32.88
4-8-2020 ,5-8-2020 ,None,31.72
5-8-2020 ,6-8-2020 ,None,31.46
6-8-2020 ,7-8-2020 ,None,32.79
7-8-2020 ,8-8-2020 ,None,32.63
8-8-2020 ,9-8-2020 ,None,32.23
9-8-2020 ,10-8-2020 ,None,31.78
10-8-2020 ,11-8-2020 ,None,30.7
11-8-2020 ,12-8-2020 ,None,31.61
12-8-2020 ,13-08-2020,None,30.6
13-08-2020,14-08-2020,None,29.45
14-08-2020,15-08-2020,None,30.72
15-08-2020,16-08-2020,68.43,32.11
16-08-2020,17-08-2020,35.95,31.26
17-08-2020,18-08-2020,69.58,30.73
18-08-2020,19-08-2020,50.49,30.27
19-08-2020,20-08-2020,54.75,27.38
20-08-2020,21-08-2020,33.25,27.83
21-08-2020,22-08-2020,25.08,26.94
22-08-2020,23-08-2020,31.34,30.08
23-08-2020,24-08-2020,35.64,30.47
24-08-2020,25-08-2020,33.86,32.05
25-08-2020,26-08-2020,31.66,30.81
26-08-2020,27-08-2020,36.24,30.09
27-08-2020,28-08-2020,26.19,30.58
28-08-2020,29-08-2020,35.07,28.09
29-08-2020,30-08-2020,75.23,28.55
30-08-2020,31-08-2020,93.78,29.91
31-08-2020,1-9-2020 ,25.79,29.51
1-9-2020 ,2-9-2020 ,36.94,29.46
2-9-2020 ,3-9-2020 ,63.65,30.82
3-9-2020 ,4-9-2020 ,46.36,29.1
4-9-2020 ,5-9-2020 ,46.58,28.44
5-9-2020 ,6-9-2020 ,29.33,28.74
6-9-2020 ,7-9-2020 ,22.12,29.04
7-9-2020 ,8-9-2020 ,42.17,29.66
8-9-2020 ,9-9-2020 ,58.66,29.79
9-9-2020 ,10-9-2020 ,63.51,30.18
10-9-2020 ,11-9-2020 ,68.86,30.28
11-9-2020 ,12-9-2020 ,77.47,30.71
12-9-2020 ,13-09-2020,82.48,30.76
13-09-2020,14-09-2020,69.67,30.72
14-09-2020,15-09-2020,80.86,30.48
15-09-2020,16-09-2020,88.09,30.97
16-09-2020,17-09-2020,91.1,31.07
17-09-2020,18-09-2020,83.13,31.16
18-09-2020,19-09-2020,72.4,31.28
19-09-2020,20-09-2020,86.8,30.93
20-09-2020,21-09-2020,79.2,30.52
21-09-2020,22-09-2020,88.45,30.64
22-09-2020,23-09-2020,95.19,30.02
23-09-2020,24-09-2020,100.66,30.7
24-09-2020,25-09-2020,83.82,30.15
25-09-2020,26-09-2020,75.64,29.74
26-09-2020,27-09-2020,87.25,29.84
27-09-2020,28-09-2020,71.95,28.74
28-09-2020,29-09-2020,95.38,28.41
29-09-2020,30-09-2020,106.2,28.53
30-09-2020,1-10-2020 ,97.05,27.7
1-10-2020 ,2-10-2020 ,89.61,28.22
2-10-2020 ,3-10-2020 ,89.17,27.37
3-10-2020 ,4-10-2020 ,101.52,26.83
4-10-2020 ,5-10-2020 ,102.2,26.75
5-10-2020 ,6-10-2020 ,115.08,26.63
6-10-2020 ,7-10-2020 ,115.61,26.82
7-10-2020 ,8-10-2020 ,129.22,27.2
8-10-2020 ,9-10-2020 ,120.88,25.77
9-10-2020 ,10-10-2020 ,133.61,26.72
10-10-2020 ,11-10-2020 ,107.12,26.77
11-10-2020 ,12-10-2020 ,170.93,26.74
12-10-2020 ,13-10-2020,142,26.28
13-10-2020,14-10-2020,154.41,27.04
14-10-2020,15-10-2020,136.88,26.22
15-10-2020,16-10-2020,138.61,22.73
16-10-2020,17-10-2020,124.53,24.81
17-10-2020,18-10-2020,116.74,25.08
18-10-2020,19-10-2020,178.96,24.42
19-10-2020,20-10-2020,236.85,24.31
20-10-2020,21-10-2020,166.68,23.79
21-10-2020,22-10-2020,167.76,24
22-10-2020,23-10-2020,148.8,23.19
23-10-2020,24-10-2020,167.41,22.19
24-10-2020,25-10-2020,193.27,22.63
25-10-2020,26-10-2020,208.04,23.06
26-10-2020,27-10-2020,139.6,23.32
27-10-2020,28-10-2020,141.78,21.22
28-10-2020,29-10-2020,154.78,20.82
29-10-2020,30-10-2020,188.78,20.7
30-10-2020,31-10-2020,152.93,20.57
31-10-2020,1-11-2020 ,132.11,20.66
1-11-2020 ,2-11-2020 ,172.05,22.68
2-11-2020 ,3-11-2020 ,198.33,19.88
3-11-2020 ,4-11-2020 ,232.99,19.78
4-11-2020 ,5-11-2020 ,210.99,19.94
5-11-2020 ,6-11-2020 ,193.67,20.09
6-11-2020 ,7-11-2020 ,160.82,19.65
7-11-2020 ,8-11-2020 ,185.64,19.41
8-11-2020 ,9-11-2020 ,299.01,18.09
9-11-2020 ,10-11-2020 ,267.84,18.96
10-11-2020 ,11-11-2020 ,209.8,20.32
11-11-2020 ,12-11-2020 ,243.99,18.52
12-11-2020 ,13-11-2020,210.27,18.29
13-11-2020,14-11-2020,191.17,17.65
14-11-2020,15-11-2020,325.57,17.17
15-11-2020,16-11-2020,289.64,18.68
16-11-2020,17-11-2020,49.34,16.68
17-11-2020,18-11-2020,78.44,16.4
18-11-2020,19-11-2020,141.4,15.51
19-11-2020,20-11-2020,144.34,14.47
20-11-2020,21-11-2020,135.1,14.05
21-11-2020,22-11-2020,122.8,12.95
22-11-2020,23-11-2020,132.39,13.91
23-11-2020,24-11-2020,209.19,15.06
24-11-2020,25-11-2020,199.58,17.08
25-11-2020,26-11-2020,243.67,16.17
26-11-2020,27-11-2020,70.97,16.91
27-11-2020,28-11-2020,89.36,16.2
28-11-2020,29-11-2020,98.66,15
29-11-2020,30-11-2020,155.51,16.15
30-11-2020,1-12-2020 ,206.74,15.86
1-12-2020 ,2-12-2020 ,205.95,15.91
2-12-2020 ,3-12-2020 ,179.78,16.31
3-12-2020 ,4-12-2020 ,246.73,16.87
4-12-2020 ,5-12-2020 ,350.75,17.83
5-12-2020 ,6-12-2020 ,183.72,19.29
6-12-2020 ,7-12-2020 ,178.04,18.93
7-12-2020 ,8-12-2020 ,126.78,17.21
8-12-2020 ,9-12-2020 ,117.07,17.53
9-12-2020 ,10-12-2020 ,75.75,16.57
10-12-2020 ,11-12-2020 ,57.22,16.81
11-12-2020 ,12-12-2020 ,137.71,17.67
12-12-2020 ,13-12-2020,66.69,15.52
13-12-2020,14-12-2020,48.6,10.95
14-12-2020,15-12-2020,59.25,11.29
15-12-2020,16-12-2020,56,11.22
16-12-2020,17-12-2020,66.5,7.15
17-12-2020,18-12-2020,107.04,8.54
18-12-2020,19-12-2020,140.92,7.36
19-12-2020,20-12-2020,147.73,9.61
20-12-2020,21-12-2020,151.86,11.04
21-12-2020,22-12-2020,202.22,12.89
22-12-2020,23-12-2020,259.13,11.65
23-12-2020,24-12-2020,274.06,12.44
24-12-2020,25-12-2020,140.13,11.51
25-12-2020,26-12-2020,119.78,10.35
26-12-2020,27-12-2020,117.7,9.31
27-12-2020,28-12-2020,133.7,10.37
28-12-2020,29-12-2020,135.05,8.58
29-12-2020,30-12-2020,89.25,7.02
30-12-2020,31-12-2020,88.44,7.11
31-12-2020,1-1-2021 ,89.89,7.05
1-1-2021 ,2-1-2021 ,229.59,8.2
2-1-2021 ,3-1-2021 ,94.77,10.15
3-1-2021 ,4-1-2021 ,139.4,15.41
4-1-2021 ,5-1-2021 ,120.87,17.62
5-1-2021 ,6-1-2021 ,54.14,16.49
6-1-2021 ,7-1-2021 ,36.41,14.78
7-1-2021 ,8-1-2021 ,41.82,13.35
8-1-2021 ,9-1-2021 ,68.89,13.45
9-1-2021 ,10-1-2021 ,52.13,11.33
10-1-2021 ,11-1-2021 ,40.08,10.08
11-1-2021 ,12-1-2021 ,72.93,8.87
12-1-2021 ,13-01-2021,96.39,9.12
13-01-2021,14-01-2021,123.42,8.85
14-01-2021,15-01-2021,194.42,8.04
15-01-2021,16-01-2021,173.6,8.98
16-01-2021,17-01-2021,64.23,8.53
17-01-2021,18-01-2021,139.65,10.61
18-01-2021,19-01-2021,199.92,12.98
19-01-2021,20-01-2021,116.05,11.87
20-01-2021,21-01-2021,103.55,11.98
21-01-2021,22-01-2021,118.78,11.12
22-01-2021,23-01-2021,188.6,11.56
23-01-2021,24-01-2021,165.91,14.81
24-01-2021,25-01-2021,128.66,10.92
25-01-2021,26-01-2021,111.83,11.68
26-01-2021,27-01-2021,138.67,11.39
27-01-2021,28-01-2021,136.97,12.64
28-01-2021,29-01-2021,137.31,11.65
29-01-2021,30-01-2021,120.68,11.39
30-01-2021,31-01-2021,126.97,11.75
31-01-2021,1-2-2021 ,149.62,13.09
1-2-2021 ,2-2-2021 ,180.07,14.01
2-2-2021 ,3-2-2021 ,136.47,14.86
3-2-2021 ,4-2-2021 ,169.7,15.99
4-2-2021 ,5-2-2021 ,53.38,14
5-2-2021 ,6-2-2021 ,93.54,12.85
6-2-2021 ,7-2-2021 ,74.38,13.43
7-2-2021 ,8-2-2021 ,106.26,14.22
8-2-2021 ,9-2-2021 ,117.58,14.88
9-2-2021 ,10-2-2021 ,173.22,15.45
10-2-2021 ,11-2-2021 ,194.53,15.81
11-2-2021 ,12-2-2021 ,105.54,15.18
12-2-2021 ,13-02-2021,126.74,15.78
13-02-2021,14-02-2021,131.69,16.05
14-02-2021,15-02-2021,106.41,15.12
15-02-2021,16-02-2021,130.75,16
16-02-2021,17-02-2021,82.06,15.72
17-02-2021,18-02-2021,76.88,16.01
18-02-2021,19-02-2021,94.64,16.53
19-02-2021,20-02-2021,77.35,16.51
20-02-2021,21-02-2021,96.67,16.42
21-02-2021,22-02-2021,109.58,15.41
22-02-2021,23-02-2021,117.26,18.99
23-02-2021,24-02-2021,144.45,21.16
24-02-2021,25-02-2021,128.27,21.57
25-02-2021,26-02-2021,93.39,21.79
26-02-2021,27-02-2021,97.28,23.29
27-02-2021,28-02-2021,100.35,23.06
28-02-2021,1-3-2021 ,112.23,19.87
1-3-2021 ,2-3-2021 ,102.6,19.28
2-3-2021 ,3-3-2021 ,131.58,18.95
3-3-2021 ,4-3-2021 ,129.68,20.08
4-3-2021 ,5-3-2021 ,123.78,21.25
5-3-2021 ,6-3-2021 ,118.61,20.7
6-3-2021 ,7-3-2021 ,106.42,21.58
7-3-2021 ,8-3-2021 ,105.78,23.44
8-3-2021 ,9-3-2021 ,180.16,24.62
9-3-2021 ,10-3-2021 ,163.6,24.31
10-3-2021 ,11-3-2021 ,143.53,24.16
11-3-2021 ,12-3-2021 ,134.32,24.29
12-3-2021 ,13-03-2021,113.94,22.75
13-03-2021,14-03-2021,66.78,21.06
14-03-2021,15-03-2021,73.77,21.83
15-03-2021,16-03-2021,100.78,22.29
16-03-2021,17-03-2021,128.18,22.9
17-03-2021,18-03-2021,167.21,23.46
18-03-2021,19-03-2021,133.17,23.75
19-03-2021,20-03-2021,117.04,23.31
20-03-2021,21-03-2021,108.09,24.01
21-03-2021,22-03-2021,147.19,21.98
22-03-2021,23-03-2021,95.1,23.82
23-03-2021,24-03-2021,84.52,23.24
24-03-2021,25-03-2021,82.4,22.55
25-03-2021,26-03-2021,67,20.52
26-03-2021,27-03-2021,91.97,22.63
27-03-2021,28-03-2021,101.92,24.73
28-03-2021,29-03-2021,159.75,26.95
29-03-2021,30-03-2021,172.22,28.08
30-03-2021,31-03-2021,121.39,26.34
31-03-2021,1-4-2021 ,75.28,23.61
1-4-2021 ,2-4-2021 ,97.55,22.19
2-4-2021 ,3-4-2021 ,84.8,21.85
3-4-2021 ,4-4-2021 ,111.33,23.42
4-4-2021 ,5-4-2021 ,86.08,25.15
5-4-2021 ,6-4-2021 ,99.38,27.21
6-4-2021 ,7-4-2021 ,130.61,25.74
7-4-2021 ,8-4-2021 ,56.49,24.43
8-4-2021 ,9-4-2021 ,70.83,24.15
9-4-2021 ,10-4-2021 ,85.4,25.62
10-4-2021 ,11-4-2021 ,84.43,27.27
11-4-2021 ,12-4-2021 ,102.41,27.85
12-4-2021 ,13-04-2021,94.34,29.41
13-04-2021,14-04-2021,92.78,28.93
14-04-2021,15-04-2021,97.58,30.13
15-04-2021,16-04-2021,93.19,29.18
16-04-2021,17-04-2021,154.46,27.33
17-04-2021,18-04-2021,79.68,24.81
18-04-2021,19-04-2021,64.7,26.36
19-04-2021,20-04-2021,51.08,27.91
20-04-2021,21-04-2021,75.39,24.05
21-04-2021,22-04-2021,29.6,20.99
22-04-2021,23-04-2021,70.73,22.15
23-04-2021,24-04-2021,30.87,21.49
24-04-2021,25-04-2021,53.95,24.27
25-04-2021,26-04-2021,97.5,27.46
26-04-2021,27-04-2021,106.3,28.91
27-04-2021,28-04-2021,140.37,31.43
28-04-2021,29-04-2021,171.23,31.48
29-04-2021,30-04-2021,155.48,31.8
30-04-2021,1-5-2021 ,181.16,31.49
1-5-2021 ,2-5-2021 ,200.89,31.67
2-5-2021 ,3-5-2021 ,147.13,32.61
3-5-2021 ,4-5-2021 ,180.56,31.95
4-5-2021 ,5-5-2021 ,158.34,30.75
5-5-2021 ,6-5-2021 ,79.49,27.07
6-5-2021 ,7-5-2021 ,113.03,28.94
7-5-2021 ,8-5-2021 ,73.27,28.14
8-5-2021 ,9-5-2021 ,115.9,30.35
9-5-2021 ,10-5-2021 ,156.47,30.17
10-5-2021 ,11-5-2021 ,102.32,29.39
11-5-2021 ,12-5-2021 ,107.84,28.63
12-5-2021 ,13-05-2021,125.37,26.79
13-05-2021,14-05-2021,87.14,24.39
14-05-2021,15-05-2021,101.39,28.52
15-05-2021,16-05-2021,77.58,29.27
16-05-2021,17-05-2021,162.97,31.17
17-05-2021,18-05-2021,135.54,32.21
18-05-2021,19-05-2021,210.57,30.68
19-05-2021,20-05-2021,99.13,27.03
20-05-2021,21-05-2021,71.89,28.51
21-05-2021,22-05-2021,92.31,28.4
22-05-2021,23-05-2021,110.76,31.05
23-05-2021,24-05-2021,250.47,27.1
24-05-2021,25-05-2021,87.36,29.85
25-05-2021,26-05-2021,100.41,30.53
26-05-2021,27-05-2021,125.6,32.94
27-05-2021,28-05-2021,124.45,33
28-05-2021,29-05-2021,99.19,34.48
29-05-2021,30-05-2021,95.03,34.44
30-05-2021,31-05-2021,76.87,31.07
31-05-2021,1-6-2021 ,154.75,32.35
1-6-2021 ,2-6-2021 ,51.41,26.59
2-6-2021 ,3-6-2021 ,93.43,30.55
3-6-2021 ,4-6-2021 ,44.94,27.73
4-6-2021 ,5-6-2021 ,55.49,27.27
5-6-2021 ,6-6-2021 ,76.52,29.12
6-6-2021 ,7-6-2021 ,79.44,32.25
7-6-2021 ,8-6-2021 ,149.45,33.89
8-6-2021 ,9-6-2021 ,153.64,38.78
9-6-2021 ,10-6-2021 ,175.26,37.08
10-6-2021 ,11-6-2021 ,165.04,34.84
11-6-2021 ,12-6-2021 ,101.55,31.95
12-6-2021 ,13-06-2021,98.15,31.56
13-06-2021,14-06-2021,143.9,29.17
14-06-2021,15-06-2021,58.89,30.47
15-06-2021,16-06-2021,91.24,31.03
16-06-2021,17-06-2021,56.52,26.27
17-06-2021,18-06-2021,72.5,29.06
18-06-2021,19-06-2021,96.18,31.33
19-06-2021,20-06-2021,78.79,31.35
20-06-2021,21-06-2021,48.89,30.93
21-06-2021,22-06-2021,74.77,30.55
22-06-2021,23-06-2021,107.72,32.28
23-06-2021,24-06-2021,124.4,34.67
24-06-2021,25-06-2021,97.97,30.62
25-06-2021,26-06-2021,147.48,33.09
26-06-2021,27-06-2021,78.81,29.82
27-06-2021,28-06-2021,79.53,30.73
28-06-2021,29-06-2021,147,33.32
29-06-2021,30-06-2021,171.47,36.57
30-06-2021,1-7-2021 ,186.76,33.69
1-7-2021 ,2-7-2021 ,252.22,None
2-7-2021 ,3-7-2021 ,189.17,None
3-7-2021 ,4-7-2021 ,117.44,None
4-7-2021 ,5-7-2021 ,128.34,None
5-7-2021 ,6-7-2021 ,176.99,None
6-7-2021 ,7-7-2021 ,150.56,None
7-7-2021 ,8-7-2021 ,87.25,None
8-7-2021 ,9-7-2021 ,92.98,None
9-7-2021 ,10-7-2021 ,69.76,None
10-7-2021 ,11-7-2021 ,83.23,None
11-7-2021 ,12-7-2021 ,70.26,None
12-7-2021 ,13-07-2021,43.31,None
13-07-2021,14-07-2021,70.72,None
14-07-2021,15-07-2021,67.98,None
15-07-2021,16-07-2021,81.26,None
16-07-2021,17-07-2021,79.46,None
17-07-2021,18-07-2021,70.79,None
18-07-2021,19-07-2021,122.8,None
19-07-2021,20-07-2021,46.77,None
20-07-2021,21-07-2021,36.08,None
21-07-2021,22-07-2021,61.08,None
22-07-2021,23-07-2021,53.68,None
23-07-2021,24-07-2021,64.61,None
24-07-2021,25-07-2021,73.92,None
25-07-2021,26-07-2021,89.31,None
26-07-2021,27-07-2021,73.91,None
27-07-2021,28-07-2021,77.3,None
28-07-2021,29-07-2021,37.29,None
29-07-2021,30-07-2021,58.99,None
30-07-2021,31-07-2021,49.27,None
31-07-2021,1-8-2021 ,51.12,None
1-8-2021 ,2-8-2021 ,64.41,None
2-8-2021 ,3-8-2021 ,75.99,None
3-8-2021 ,4-8-2021 ,74.16,None
4-8-2021 ,5-8-2021 ,65.98,None
5-8-2021 ,6-8-2021 ,75.88,None
6-8-2021 ,7-8-2021 ,47.6,None
7-8-2021 ,8-8-2021 ,73.41,None
8-8-2021 ,9-8-2021 ,88.14,None
9-8-2021 ,10-8-2021 ,65.46,None
10-8-2021 ,11-8-2021 ,70.85,None
11-8-2021 ,12-8-2021 ,72.25,None
12-8-2021 ,13-08-2021,82.1,None
13-08-2021,14-08-2021,60.1,None
14-08-2021,15-08-2021,71.61,None
15-08-2021,16-08-2021,55.01,None
16-08-2021,17-08-2021,63.86,None
17-08-2021,18-08-2021,63.17,None
18-08-2021,19-08-2021,79.25,None
19-08-2021,20-08-2021,81.49,None
20-08-2021,21-08-2021,69.11,None
21-08-2021,22-08-2021,43.1,None
22-08-2021,23-08-2021,32.25,None
23-08-2021,24-08-2021,59.66,None
24-08-2021,25-08-2021,72.6,None
25-08-2021,26-08-2021,92.05,None
26-08-2021,27-08-2021,138.25,None
27-08-2021,28-08-2021,112.31,None
28-08-2021,29-08-2021,161.69,None
29-08-2021,30-08-2021,110.04,None
30-08-2021,31-08-2021,74.55,None
31-08-2021,1-9-2021 ,67.32,None
1-9-2021 ,2-9-2021 ,70.87,None
2-9-2021 ,3-9-2021 ,73.28,None
3-9-2021 ,4-9-2021 ,88.66,None
4-9-2021 ,5-9-2021 ,56.25,None
5-9-2021 ,6-9-2021 ,62.65,None
6-9-2021 ,7-9-2021 ,70.41,None
7-9-2021 ,8-9-2021 ,82.4,None
8-9-2021 ,9-9-2021 ,69.61,None
9-9-2021 ,10-9-2021 ,66.23,None
10-9-2021 ,11-9-2021 ,61.88,None
11-9-2021 ,12-9-2021 ,33.71,None
12-9-2021 ,13-09-2021,27.44,None
13-09-2021,14-09-2021,51.75,None
14-09-2021,15-09-2021,54.15,None
15-09-2021,16-09-2021,39.49,None
16-09-2021,17-09-2021,51.68,None
17-09-2021,18-09-2021,32.69,None
18-09-2021,19-09-2021,66.53,None
19-09-2021,20-09-2021,88.09,None
20-09-2021,21-09-2021,79.33,None
21-09-2021,22-09-2021,49.48,None
22-09-2021,23-09-2021,78.53,None
23-09-2021,24-09-2021,32.98,None
24-09-2021,25-09-2021,31.07,None
25-09-2021,26-09-2021,40.99,None
26-09-2021,27-09-2021,78.59,None
27-09-2021,28-09-2021,66.45,None
28-09-2021,29-09-2021,92.92,None
29-09-2021,30-09-2021,124.01,None
30-09-2021,1-10-2021 ,122.84,None
1-10-2021 ,2-10-2021 ,97.97,None
2-10-2021 ,3-10-2021 ,54.68,None
3-10-2021 ,4-10-2021 ,83.02,None
4-10-2021 ,5-10-2021 ,100.43,None
5-10-2021 ,6-10-2021 ,52.86,None
6-10-2021 ,7-10-2021 ,61.98,None
7-10-2021 ,8-10-2021 ,108.57,None
8-10-2021 ,9-10-2021 ,103.72,None
9-10-2021 ,10-10-2021 ,111.86,None
10-10-2021 ,11-10-2021 ,153.13,None
11-10-2021 ,12-10-2021 ,169.95,None
12-10-2021 ,13-10-2021,195.19,None
13-10-2021,14-10-2021,151.06,None
14-10-2021,15-10-2021,134.07,None
15-10-2021,16-10-2021,139.16,None
16-10-2021,17-10-2021,121.9,None
17-10-2021,18-10-2021,92.1,None
18-10-2021,19-10-2021,52.14,None
19-10-2021,20-10-2021,85,None
20-10-2021,21-10-2021,152.41,None
21-10-2021,22-10-2021,174.15,None
22-10-2021,23-10-2021,147.41,None
23-10-2021,24-10-2021,132.44,None
24-10-2021,25-10-2021,58.36,None
25-10-2021,26-10-2021,57.44,None
26-10-2021,27-10-2021,73.96,None
27-10-2021,28-10-2021,115.83,None
28-10-2021,29-10-2021,114.38,None
29-10-2021,30-10-2021,136.04,None
30-10-2021,31-10-2021,163.94,None
31-10-2021,1-11-2021 ,235.35,None
1-11-2021 ,2-11-2021 ,304.71,None
2-11-2021 ,3-11-2021 ,153.1,None
3-11-2021 ,4-11-2021 ,147.42,None
4-11-2021 ,5-11-2021 ,257.24,None
5-11-2021 ,6-11-2021 ,300.75,None
6-11-2021 ,7-11-2021 ,164.85,None
7-11-2021 ,8-11-2021 ,220.97,None
8-11-2021 ,9-11-2021 ,223.35,None
9-11-2021 ,10-11-2021 ,239.44,None
10-11-2021 ,11-11-2021 ,220.48,None
11-11-2021 ,12-11-2021 ,219.22,None
12-11-2021 ,13-11-2021,194.34,None
13-11-2021,14-11-2021,174.6,None
14-11-2021,15-11-2021,228.47,None
15-11-2021,16-11-2021,226.46,None
16-11-2021,17-11-2021,221.28,None
17-11-2021,18-11-2021,227.75,None
18-11-2021,19-11-2021,203.3,None
19-11-2021,20-11-2021,178.15,None
20-11-2021,21-11-2021,188.6,None
21-11-2021,22-11-2021,162.61,None
22-11-2021,23-11-2021,199.85,None
23-11-2021,24-11-2021,270.3,None
24-11-2021,25-11-2021,217.04,None
25-11-2021,26-11-2021,157.89,None
26-11-2021,27-11-2021,193.32,None
27-11-2021,28-11-2021,224.45,None
28-11-2021,29-11-2021,186.25,None
29-11-2021,30-11-2021,149.45,None
30-11-2021,1-12-2021 ,200.75,None
1-12-2021 ,2-12-2021 ,258.7,None
2-12-2021 ,3-12-2021 ,165.62,None
3-12-2021 ,4-12-2021 ,181.74,None
4-12-2021 ,5-12-2021 ,132.66,None
5-12-2021 ,6-12-2021 ,155.08,None
6-12-2021 ,7-12-2021 ,129.42,None
7-12-2021 ,8-12-2021 ,111.86,None
8-12-2021 ,9-12-2021 ,158.71,None
9-12-2021 ,10-12-2021 ,143.93,None
10-12-2021 ,11-12-2021 ,149.9,None
11-12-2021 ,12-12-2021 ,171.14,None
12-12-2021 ,13-12-2021,244.43,None
13-12-2021,14-12-2021,187.22,None
14-12-2021,15-12-2021,166.43,None
15-12-2021,16-12-2021,138.7,None
16-12-2021,17-12-2021,153.34,None
17-12-2021,18-12-2021,114,None
18-12-2021,19-12-2021,153.25,None
19-12-2021,20-12-2021,148.72,None
20-12-2021,21-12-2021,233.06,None
21-12-2021,22-12-2021,264.26,None
22-12-2021,23-12-2021,208.49,None
23-12-2021,24-12-2021,227.94,None
24-12-2021,25-12-2021,238.74,None
25-12-2021,26-12-2021,263.27,None
26-12-2021,27-12-2021,267.22,None
27-12-2021,28-12-2021,149.68,None
28-12-2021,29-12-2021,100.37,None
29-12-2021,30-12-2021,144.06,None
30-12-2021,31-12-2021,200.64,None
31-12-2021,1-1-2022 ,133.01,None
1-1-2022 ,2-1-2022 ,148.84,None
2-1-2022 ,3-1-2022 ,176.93,None
3-1-2022 ,4-1-2022 ,136.48,None
4-1-2022 ,5-1-2022 ,117.75,None
5-1-2022 ,6-1-2022 ,93.95,None
6-1-2022 ,7-1-2022 ,72.93,None
7-1-2022 ,8-1-2022 ,67.8,None
8-1-2022 ,9-1-2022 ,31.99,None
9-1-2022 ,10-1-2022 ,38.13,None
10-1-2022 ,11-1-2022 ,89.67,None
11-1-2022 ,12-1-2022 ,59.04,None
12-1-2022 ,13-01-2022,129.81,None
13-01-2022,14-01-2022,124.52,None
14-01-2022,15-01-2022,115.29,None
15-01-2022,16-01-2022,113.55,None
16-01-2022,17-01-2022,159.36,None
17-01-2022,18-01-2022,189.93,None
18-01-2022,19-01-2022,100.73,None
19-01-2022,20-01-2022,132.4,None
20-01-2022,21-01-2022,103.69,None
21-01-2022,22-01-2022,71.51,None
22-01-2022,23-01-2022,88.46,None
23-01-2022,24-01-2022,62.14,None
24-01-2022,25-01-2022,61.11,None
25-01-2022,26-01-2022,79.33,None
26-01-2022,27-01-2022,99.03,None
27-01-2022,28-01-2022,91.84,None
28-01-2022,29-01-2022,127.1,None
29-01-2022,30-01-2022,106.91,None
30-01-2022,31-01-2022,110.59,None
31-01-2022,1-2-2022 ,171.43,None
1-2-2022 ,2-2-2022 ,130.12,None
2-2-2022 ,3-2-2022 ,126.18,None
3-2-2022 ,4-2-2022 ,86.84,None
4-2-2022 ,5-2-2022 ,83.72,None
5-2-2022 ,6-2-2022 ,70.52,None
6-2-2022 ,7-2-2022 ,74.28,None
7-2-2022 ,8-2-2022 ,171.74,None
8-2-2022 ,9-2-2022 ,119,None
9-2-2022 ,10-2-2022 ,124.6,None
10-2-2022 ,11-2-2022 ,125.29,None
11-2-2022 ,12-2-2022 ,108.51,None
12-2-2022 ,13-02-2022,118.14,None
13-02-2022,14-02-2022,229.26,None
14-02-2022,15-02-2022,192.73,None
15-02-2022,16-02-2022,150.41,None
16-02-2022,17-02-2022,88.58,None
17-02-2022,18-02-2022,104.46,None
18-02-2022,19-02-2022,107.01,None
19-02-2022,20-02-2022,100.79,18.64
20-02-2022,21-02-2022,135.25,13.96
21-02-2022,22-02-2022,155.01,16.6
22-02-2022,23-02-2022,208.51,18.82
23-02-2022,24-02-2022,162.87,18.79
24-02-2022,25-02-2022,134.44,18.12
25-02-2022,26-02-2022,161.96,18.96
26-02-2022,27-02-2022,88.71,14.37
27-02-2022,28-02-2022,45.43,14.9
28-02-2022,1-3-2022 ,56.92,15.16
1-3-2022 ,2-3-2022 ,95.48,17.21
2-3-2022 ,3-3-2022 ,106.88,18.17
3-3-2022 ,4-3-2022 ,96.26,16.82
4-3-2022 ,5-3-2022 ,55.34,16.83
5-3-2022 ,6-3-2022 ,95.64,17.89
6-3-2022 ,7-3-2022 ,139.28,19.5
7-3-2022 ,8-3-2022 ,206.78,21.09
8-3-2022 ,9-3-2022 ,82.54,21.12
9-3-2022 ,10-3-2022 ,80.54,20.86
10-3-2022 ,11-3-2022 ,94.02,20.49
11-3-2022 ,12-3-2022 ,100.79,21.08
12-3-2022 ,13-03-2022,116.44,21.76
13-03-2022,14-03-2022,119.65,23.43
14-03-2022,15-03-2022,162.03,24.55
15-03-2022,16-03-2022,178,25.32
16-03-2022,17-03-2022,171.33,25.96
17-03-2022,18-03-2022,231.86,26.78
18-03-2022,19-03-2022,206.33,28.76
19-03-2022,20-03-2022,167.73,28.71
20-03-2022,21-03-2022,157.08,28.17
21-03-2022,22-03-2022,124.8,27.24
22-03-2022,23-03-2022,110.53,25.7
23-03-2022,24-03-2022,128.54,26.56
24-03-2022,25-03-2022,133.06,27.42
25-03-2022,26-03-2022,129.69,25.63
26-03-2022,27-03-2022,140.01,25.59
27-03-2022,28-03-2022,139.43,26.89
28-03-2022,29-03-2022,201.57,27.7
29-03-2022,30-03-2022,138.43,28.13
30-03-2022,31-03-2022,148.47,26.87
31-03-2022,1-4-2022 ,141.75,29
1-4-2022 ,2-4-2022 ,141.77,26.87
2-4-2022 ,3-4-2022 ,196.57,29.05
3-4-2022 ,4-4-2022 ,188.68,30.62
4-4-2022 ,5-4-2022 ,136.01,28.47
5-4-2022 ,6-4-2022 ,132.34,28.69
6-4-2022 ,7-4-2022 ,162.67,29.19
7-4-2022 ,8-4-2022 ,172.25,30.43
8-4-2022 ,9-4-2022 ,152.58,31.13
9-4-2022 ,10-4-2022 ,172.75,31.44
10-4-2022 ,11-4-2022 ,141.55,31.25
11-4-2022 ,12-4-2022 ,182.22,30.49
12-4-2022 ,13-04-2022,235.94,32.84
13-04-2022,14-04-2022,184.14,32.46
14-04-2022,15-04-2022,166.61,31.12
15-04-2022,16-04-2022,90.15,30.16
16-04-2022,17-04-2022,104.08,31.03
17-04-2022,18-04-2022,77.95,31.86
18-04-2022,19-04-2022,113.32,31.37
19-04-2022,20-04-2022,173.1,33.47
20-04-2022,21-04-2022,136.52,31.71
21-04-2022,22-04-2022,134.22,28.52
22-04-2022,23-04-2022,100.97,25.43
23-04-2022,24-04-2022,127.38,30.11
24-04-2022,25-04-2022,117.21,30.17
25-04-2022,26-04-2022,163.02,31.92
26-04-2022,27-04-2022,133.6,31.93
27-04-2022,28-04-2022,143.15,32.18
28-04-2022,29-04-2022,195.02,35.14
29-04-2022,30-04-2022,147.56,34.11
30-04-2022,1-5-2022 ,162.65,34.43
1-5-2022 ,2-5-2022 ,226.67,34.63
2-5-2022 ,3-5-2022 ,155.97,33.74
3-5-2022 ,4-5-2022 ,179.79,33.12
4-5-2022 ,5-5-2022 ,160.72,29.55
5-5-2022 ,6-5-2022 ,165.34,29.88
6-5-2022 ,7-5-2022 ,156.38,31.05
7-5-2022 ,8-5-2022 ,156.03,31.4
8-5-2022 ,9-5-2022 ,235.33,32.86
9-5-2022 ,10-5-2022 ,198.94,33.68
10-5-2022 ,11-5-2022 ,143.26,34.49
11-5-2022 ,12-5-2022 ,117.24,34.54
12-5-2022 ,13-05-2022,113.5,35.88
13-05-2022,14-05-2022,99.19,34.81
14-05-2022,15-05-2022,83.24,35.6
15-05-2022,16-05-2022,184.58,36.43
16-05-2022,17-05-2022,195.85,35.66
17-05-2022,18-05-2022,181.91,34.27
18-05-2022,19-05-2022,200.11,35.45
19-05-2022,20-05-2022,194.36,35.42
20-05-2022,21-05-2022,187.66,37.13
21-05-2022,22-05-2022,158.7,34.43
22-05-2022,23-05-2022,159.54,33.77
23-05-2022,24-05-2022,75.86,26.02
24-05-2022,25-05-2022,43.49,24.2
25-05-2022,26-05-2022,56.16,28.07
26-05-2022,27-05-2022,70.59,31.12
27-05-2022,28-05-2022,75.53,33.3
28-05-2022,29-05-2022,97.64,32.55
29-05-2022,30-05-2022,165.62,32.04
30-05-2022,31-05-2022,186.89,32.85
31-05-2022,1-6-2022 ,107.65,32.55
1-6-2022 ,2-6-2022 ,138.99,34.08
2-6-2022 ,3-6-2022 ,88.09,35.09
3-6-2022 ,4-6-2022 ,46.9,34.68
4-6-2022 ,5-6-2022 ,68.66,35.55
5-6-2022 ,6-6-2022 ,120.65,35.7
6-6-2022 ,7-6-2022 ,191.06,36.61
7-6-2022 ,8-6-2022 ,228.62,37.38
8-6-2022 ,9-6-2022 ,201.81,37.34
9-6-2022 ,10-6-2022 ,223.96,37.33
10-6-2022 ,11-6-2022 ,233.21,37.23
11-6-2022 ,12-6-2022 ,238.77,36.4
12-6-2022 ,13-06-2022,347.79,36.16
13-06-2022,14-06-2022,242.06,37.18
14-06-2022,15-06-2022,286.74,36.21
15-06-2022,16-06-2022,170.09,36.44
16-06-2022,17-06-2022,104.58,33.37
17-06-2022,18-06-2022,77.82,25.75
18-06-2022,19-06-2022,70.81,25.74
19-06-2022,20-06-2022,160.36,28.35
20-06-2022,21-06-2022,138.84,29.12
21-06-2022,22-06-2022,142.76,27.02
22-06-2022,23-06-2022,143.1,29.05
23-06-2022,24-06-2022,115.7,30.35
24-06-2022,25-06-2022,137.74,31.26
25-06-2022,26-06-2022,180.7,33.33
26-06-2022,27-06-2022,203.82,34.55
27-06-2022,28-06-2022,145.03,35.06
28-06-2022,29-06-2022,222.99,35.04
29-06-2022,30-06-2022,200.1,32.94
30-06-2022,1-7-2022 ,93.11,27.2
1-7-2022 ,2-7-2022 ,73.78,28.79
2-7-2022 ,3-7-2022 ,126.33,31.9
3-7-2022 ,4-7-2022 ,82.07,30.59
4-7-2022 ,5-7-2022 ,127.76,30.95
5-7-2022 ,6-7-2022 ,157.22,32.31
6-7-2022 ,7-7-2022 ,98.51,31.42
7-7-2022 ,8-7-2022 ,74.23,30.87
8-7-2022 ,9-7-2022 ,119.28,33.16
9-7-2022 ,10-7-2022 ,74.7,29.32
10-7-2022 ,11-7-2022 ,54.37,28.66
11-7-2022 ,12-7-2022 ,80.56,32.22
12-7-2022 ,13-07-2022,128.42,31.51
13-07-2022,14-07-2022,103.33,31.05
14-07-2022,15-07-2022,108.97,29.91
15-07-2022,16-07-2022,40.83,29.68
16-07-2022,17-07-2022,76.14,32.36
17-07-2022,18-07-2022,37.03,27.88
18-07-2022,19-07-2022,48.26,33.35
19-07-2022,20-07-2022,95.22,33.31
20-07-2022,21-07-2022,123.03,28.89
21-07-2022,22-07-2022,81.91,26.82
22-07-2022,23-07-2022,97.1,28.96
23-07-2022,24-07-2022,115.21,30.71
24-07-2022,25-07-2022,71.87,31.42
25-07-2022,26-07-2022,87.05,31.15
26-07-2022,27-07-2022,99.73,31.08
27-07-2022,28-07-2022,112.43,30.46
28-07-2022,29-07-2022,95.62,29.5
29-07-2022,30-07-2022,46.05,28.24
30-07-2022,31-07-2022,67.59,28.32
31-07-2022,1-8-2022 ,51.6,27.05
1-8-2022 ,2-8-2022 ,41.91,28.6
2-8-2022 ,3-8-2022 ,46.96,30.22
3-8-2022 ,4-8-2022 ,140.78,30.15
4-8-2022 ,5-8-2022 ,125.5,29.46
5-8-2022 ,6-8-2022 ,93.46,29.01
6-8-2022 ,7-8-2022 ,89.47,29.45
7-8-2022 ,8-8-2022 ,114.46,28.76
8-8-2022 ,9-8-2022 ,116.39,31.12
9-8-2022 ,10-8-2022 ,106.39,30.22
10-8-2022 ,11-8-2022 ,69.4,31.45
11-8-2022 ,12-8-2022 ,71.45,29.29
12-8-2022 ,13-08-2022,51.23,31.29
13-08-2022,14-08-2022,102.22,32.44
14-08-2022,15-08-2022,91.24,31.99
15-08-2022,16-08-2022,30.61,29.04
16-08-2022,17-08-2022,53.27,30.99
17-08-2022,18-08-2022,60.92,30.95
18-08-2022,19-08-2022,62.5,31.54
19-08-2022,20-08-2022,36.6,30.08
20-08-2022,21-08-2022,61.99,29.62
21-08-2022,22-08-2022,88.28,30.23
22-08-2022,23-08-2022,110.26,30.87
23-08-2022,24-08-2022,133.54,32.24
24-08-2022,25-08-2022,82.83,30.33
25-08-2022,26-08-2022,85.08,29.63
26-08-2022,27-08-2022,70.23,29.95
27-08-2022,28-08-2022,69.59,29.59
28-08-2022,29-08-2022,88.47,30.12
29-08-2022,30-08-2022,129.96,30.81
30-08-2022,31-08-2022,139.84,30.85
31-08-2022,1-9-2022 ,113.36,30.89
1-9-2022 ,2-9-2022 ,83.5,31.35
2-9-2022 ,3-9-2022 ,71.52,31.36
3-9-2022 ,4-9-2022 ,95.62,30.83
4-9-2022 ,5-9-2022 ,96.24,31.08
5-9-2022 ,6-9-2022 ,74.08,29.86
6-9-2022 ,7-9-2022 ,50.8,28.4
7-9-2022 ,8-9-2022 ,93.29,30.08
8-9-2022 ,9-9-2022 ,140.59,30.4
9-9-2022 ,10-9-2022 ,114.21,30.96
10-9-2022 ,11-9-2022 ,119.91,29.72
11-9-2022 ,12-9-2022 ,105.49,28.3
12-9-2022 ,13-09-2022,101.4,28.97
13-09-2022,14-09-2022,94.05,29.29
14-09-2022,15-09-2022,120.41,28.27
15-09-2022,16-09-2022,89.61,28.72
16-09-2022,17-09-2022,41.44,27.98
17-09-2022,18-09-2022,98.31,29.58
18-09-2022,19-09-2022,90.05,29.85
19-09-2022,20-09-2022,91.45,29.76
20-09-2022,21-09-2022,113.14,29.12
21-09-2022,22-09-2022,85.73,27.51
22-09-2022,23-09-2022,54.66,26.31
23-09-2022,24-09-2022,54.95,26.41
24-09-2022,25-09-2022,30.93,23.67
25-09-2022,26-09-2022,21.87,24.09
26-09-2022,27-09-2022,59.76,25.52
27-09-2022,28-09-2022,49.44,26.32
28-09-2022,29-09-2022,80.51,26.91
29-09-2022,30-09-2022,132.61,27.13
30-09-2022,1-10-2022 ,144.59,27.51
1-10-2022 ,2-10-2022 ,130.53,27.59
2-10-2022 ,3-10-2022 ,122.86,27.63
3-10-2022 ,4-10-2022 ,100.24,27.82
4-10-2022 ,5-10-2022 ,121.43,28.1
5-10-2022 ,6-10-2022 ,126.19,28.04
6-10-2022 ,7-10-2022 ,132.46,26.89
7-10-2022 ,8-10-2022 ,125.58,26.18
8-10-2022 ,9-10-2022 ,144.94,26.08
9-10-2022 ,10-10-2022 ,97.68,25.63
10-10-2022 ,11-10-2022 ,58.61,24.35
11-10-2022 ,12-10-2022 ,65.47,23.33
12-10-2022 ,13-10-2022,80.05,23.85
13-10-2022,14-10-2022,101.9,24.29
14-10-2022,15-10-2022,129.3,24.61
15-10-2022,16-10-2022,143.35,24.9
16-10-2022,17-10-2022,111.86,24.85
17-10-2022,18-10-2022,115.19,24.91
18-10-2022,19-10-2022,145.35,24.35
19-10-2022,20-10-2022,170.6,24.94
20-10-2022,21-10-2022,134.7,26.11
21-10-2022,22-10-2022,133.38,24.99
22-10-2022,23-10-2022,161.04,23.12
23-10-2022,24-10-2022,162.8,23.03
24-10-2022,25-10-2022,216.9,22.54
25-10-2022,26-10-2022,317.47,22
26-10-2022,27-10-2022,238.94,22.72
27-10-2022,28-10-2022,202.56,22.97
28-10-2022,29-10-2022,173.39,22.76
29-10-2022,30-10-2022,169.11,22.79
30-10-2022,31-10-2022,231.18,22.94
31-10-2022,1-11-2022 ,213.75,22.8
1-11-2022 ,2-11-2022 ,267.48,24.64
2-11-2022 ,3-11-2022 ,221.18,23.4
3-11-2022 ,4-11-2022 ,313.89,22.19
4-11-2022 ,5-11-2022 ,295.73,22.61
5-11-2022 ,6-11-2022 ,217.47,23.96
6-11-2022 ,7-11-2022 ,158.41,24.68
7-11-2022 ,8-11-2022 ,274.75,23.91
8-11-2022 ,9-11-2022 ,365.35,21.11
9-11-2022 ,10-11-2022 ,469.98,21.1
10-11-2022 ,11-11-2022 ,183.36,20.41
11-11-2022 ,12-11-2022 ,142.29,19.19
12-11-2022 ,13-11-2022,151.14,18.53
13-11-2022,14-11-2022,173.57,18.43
14-11-2022,15-11-2022,165.69,19.95
15-11-2022,16-11-2022,92.32,19.49
16-11-2022,17-11-2022,128.8,17.38
17-11-2022,18-11-2022,119.5,17.32
18-11-2022,19-11-2022,151.95,17.02
19-11-2022,20-11-2022,173.61,17.21
20-11-2022,21-11-2022,156.38,17.46
21-11-2022,22-11-2022,140.89,16.86
22-11-2022,23-11-2022,132.78,14.4
23-11-2022,24-11-2022,120.44,16.3
24-11-2022,25-11-2022,134.3,16.29
25-11-2022,26-11-2022,161.68,17.22
26-11-2022,27-11-2022,144.58,16
27-11-2022,28-11-2022,142.13,15.79
28-11-2022,29-11-2022,164.49,15.65
29-11-2022,30-11-2022,159.81,15.71
30-11-2022,1-12-2022 ,168.35,16
1-12-2022 ,2-12-2022 ,170.74,15.85
2-12-2022 ,3-12-2022 ,222.4,16.8
3-12-2022 ,4-12-2022 ,258,16.43
4-12-2022 ,5-12-2022 ,156.97,15.28
5-12-2022 ,6-12-2022 ,153.68,15.08
6-12-2022 ,7-12-2022 ,180.8,14.92
7-12-2022 ,8-12-2022 ,180.26,14.7
8-12-2022 ,9-12-2022 ,233.28,14.87
9-12-2022 ,10-12-2022 ,190.84,16.08
10-12-2022 ,11-12-2022 ,148.7,16.85
11-12-2022 ,12-12-2022 ,89.21,16.76
12-12-2022 ,13-12-2022,89.78,16.33
13-12-2022,14-12-2022,100.85,16.27
14-12-2022,15-12-2022,130.78,13.63
15-12-2022,16-12-2022,161.87,13.73
16-12-2022,17-12-2022,195.19,13.94
17-12-2022,18-12-2022,247.93,13.57
18-12-2022,19-12-2022,293.27,13.31
19-12-2022,20-12-2022,207.73,12.38
20-12-2022,21-12-2022,139.42,11.24
21-12-2022,22-12-2022,218.31,12.21
22-12-2022,23-12-2022,134.86,9.84
23-12-2022,24-12-2022,185.63,8.77
24-12-2022,25-12-2022,190.57,7.89
25-12-2022,26-12-2022,169.26,7.68
26-12-2022,27-12-2022,265.27,9.78
27-12-2022,28-12-2022,192.23,9.51
28-12-2022,29-12-2022,201.47,9.83
29-12-2022,30-12-2022,299.23,11.5
30-12-2022,31-12-2022,209.39,14.63
31-12-2022,1-1-2023 ,147.23,11.2
1-1-2023 ,2-1-2023 ,366.09,11
2-1-2023 ,3-1-2023 ,277.14,9.83
3-1-2023 ,4-1-2023 ,207.31,7.41
4-1-2023 ,5-1-2023 ,184.68,7.5
5-1-2023 ,6-1-2023 ,158.1,7.41
6-1-2023 ,7-1-2023 ,319.5,7.07
7-1-2023 ,8-1-2023 ,222.53,8.78
8-1-2023 ,9-1-2023 ,215.08,8.74
9-1-2023 ,10-1-2023 ,324.25,9.55
10-1-2023 ,11-1-2023 ,145.82,9.85
11-1-2023 ,12-1-2023 ,215.71,10.83
12-1-2023 ,13-01-2023,304.39,12.07
13-01-2023,14-01-2023,236.73,13.98
14-01-2023,15-01-2023,132.02,11.21
15-01-2023,16-01-2023,118.42,9.26
16-01-2023,17-01-2023,107.75,9.95
17-01-2023,18-01-2023,114.74,9.23
18-01-2023,19-01-2023,159,10.49
19-01-2023,20-01-2023,164.06,14.15
20-01-2023,21-01-2023,125.09,12.4
21-01-2023,22-01-2023,72.79,12.75
22-01-2023,23-01-2023,87.81,12.91
23-01-2023,24-01-2023,107.29,14.67
24-01-2023,25-01-2023,98.77,13.11
25-01-2023,26-01-2023,61.24,14.53
26-01-2023,27-01-2023,88.07,12.02
27-01-2023,28-01-2023,130.45,11.87
28-01-2023,29-01-2023,137.32,12.81
29-01-2023,30-01-2023,235.52,12.45
30-01-2023,31-01-2023,59.28,15.55
31-01-2023,1-2-2023 ,61.69,14.03
1-2-2023 ,2-2-2023 ,102.9,13.62
2-2-2023 ,3-2-2023 ,127,14.25
3-2-2023 ,4-2-2023 ,179.11,14.75
4-2-2023 ,5-2-2023 ,141.47,15.93
5-2-2023 ,6-2-2023 ,131.74,15.96
6-2-2023 ,7-2-2023 ,144.31,17.37
7-2-2023 ,8-2-2023 ,57.81,15.78
8-2-2023 ,9-2-2023 ,110.41,15.23
9-2-2023 ,10-2-2023 ,176.81,16.58
10-2-2023 ,11-2-2023 ,132.59,19.47
11-2-2023 ,12-2-2023 ,126.44,16.96
12-2-2023 ,13-02-2023,60.75,14.41
13-02-2023,14-02-2023,77.59,13.06
14-02-2023,15-02-2023,100.77,15.38
15-02-2023,16-02-2023,152.62,17.2
16-02-2023,17-02-2023,218.51,18.83
17-02-2023,18-02-2023,220.74,19.26
18-02-2023,19-02-2023,132.36,19.37
19-02-2023,20-02-2023,243.46,20.41
20-02-2023,21-02-2023,232.32,22.08
21-02-2023,22-02-2023,189.38,21.76
22-02-2023,23-02-2023,87.44,19.94
23-02-2023,24-02-2023,131.18,19
24-02-2023,25-02-2023,147.01,19.51
25-02-2023,26-02-2023,163.59,20.04
26-02-2023,27-02-2023,217.63,20.55
27-02-2023,28-02-2023,149.15,21.38
28-02-2023,1-3-2023 ,139.96,19.11
1-3-2023 ,2-3-2023 ,95.62,21.08
2-3-2023 ,3-3-2023 ,96.34,21.39
3-3-2023 ,4-3-2023 ,109.39,21.33
4-3-2023 ,5-3-2023 ,99.25,20.93
5-3-2023 ,6-3-2023 ,121.17,20.9
6-3-2023 ,7-3-2023 ,158.74,20.98
7-3-2023 ,8-3-2023 ,141.46,21.56
8-3-2023 ,9-3-2023 ,147.29,22.16
9-3-2023 ,10-3-2023 ,103.44,22.39
10-3-2023 ,11-3-2023 ,137.02,22.2
11-3-2023 ,12-3-2023 ,165.14,22.77
12-3-2023 ,13-03-2023,171.06,23.03
13-03-2023,14-03-2023,172.71,23.55
14-03-2023,15-03-2023,131.78,23.78
15-03-2023,16-03-2023,177.44,24.39
16-03-2023,17-03-2023,118.7,25.26
17-03-2023,18-03-2023,69.98,20.15
18-03-2023,19-03-2023,59.44,18.14
19-03-2023,20-03-2023,146.01,20.94
20-03-2023,21-03-2023,159.66,18.86
21-03-2023,22-03-2023,94.1,19.5
22-03-2023,23-03-2023,100.31,21.2
23-03-2023,24-03-2023,101.78,21.47
24-03-2023,25-03-2023,167.52,19.82
25-03-2023,26-03-2023,71.27,19.54
26-03-2023,27-03-2023,86.86,20.3
27-03-2023,28-03-2023,85.57,20.45
28-03-2023,29-03-2023,109.83,21.51
29-03-2023,30-03-2023,180.25,23.14
30-03-2023,31-03-2023,117.01,23.34
31-03-2023,1-4-2023 ,102.95,18.89
1-4-2023 ,2-4-2023 ,103.61,20.02
2-4-2023 ,3-4-2023 ,67.9,20.67
3-4-2023 ,4-4-2023 ,51.11,18.44
4-4-2023 ,5-4-2023 ,53.57,21.74
5-4-2023 ,6-4-2023 ,63.96,22.63
6-4-2023 ,7-4-2023 ,60.75,23.28
7-4-2023 ,8-4-2023 ,77.69,23.55
8-4-2023 ,9-4-2023 ,84.26,23.89
9-4-2023 ,10-4-2023 ,94.45,25.18
10-4-2023 ,11-4-2023 ,108.81,26.11
11-4-2023 ,11-4-2023 22:19,121.33,27.49
